home_team,away_team,home_score,home_xg,away_score,away_xg,Attendance,Venue,Round,Date,Score,Host,Year
Argentina,France,3,3.3,3,2.2,88966,"Lusail Iconic Stadium, Lusail",Final,18-12-2022,(4) 3–3 (2),Qatar,2022
Croatia,Morocco,2,0.7,1,1.2,44137,"Khalifa International Stadium, Doha",Third-place match,17-12-2022,2–1,Qatar,2022
France,Morocco,2,2,0,0.9,68294,"Al Bayt Stadium, Al Khor",Semi-finals,14-12-2022,2–0,Qatar,2022
Argentina,Croatia,3,2.3,0,0.5,88966,"Lusail Iconic Stadium, Lusail",Semi-finals,13-12-2022,3–0,Qatar,2022
Morocco,Portugal,1,1.4,0,0.9,44198,"Al Thumama Stadium, ath-Thumāma",Quarter-finals,10-12-2022,1–0,Qatar,2022
England,France,1,2.4,2,0.9,68895,"Al Bayt Stadium, Al Khor",Quarter-finals,10-12-2022,1–2,Qatar,2022
Croatia,Brazil,1,0.6,1,2.5,43893,"Education City Stadium, Doha",Quarter-finals,09-12-2022,(4) 1–1 (2),Qatar,2022
Netherlands,Argentina,2,0.6,2,1.9,88235,"Lusail Iconic Stadium, Lusail",Quarter-finals,09-12-2022,(3) 2–2 (4),Qatar,2022
Morocco,Spain,0,0.7,0,1,44667,"Education City Stadium, Doha",Round of 16,06-12-2022,(3) 0–0 (0),Qatar,2022
Portugal,Switzerland,6,2.3,1,1.2,83720,"Lusail Iconic Stadium, Lusail",Round of 16,06-12-2022,6–1,Qatar,2022
Japan,Croatia,1,1.2,1,1.4,42523,"Al Janoub Stadium, Al Wakrah",Round of 16,05-12-2022,(1) 1–1 (3),Qatar,2022
Brazil,Korea Republic,4,3.6,1,0.5,43847,"Stadium 974, Doha",Round of 16,05-12-2022,4–1,Qatar,2022
France,Poland,3,1.4,1,1.7,40989,"Al Thumama Stadium, ath-Thumāma",Round of 16,04-12-2022,3–1,Qatar,2022
England,Senegal,3,1,0,0.8,65985,"Al Bayt Stadium, Al Khor",Round of 16,04-12-2022,3–0,Qatar,2022
Netherlands,United States,3,1.7,1,1.5,44846,"Khalifa International Stadium, Doha",Round of 16,03-12-2022,3–1,Qatar,2022
Argentina,Australia,2,1.6,1,0.6,45032,"Ahmed bin Ali Stadium, Umm al-Afā'ī",Round of 16,03-12-2022,2–1,Qatar,2022
Korea Republic,Portugal,2,1.7,1,1.3,44097,"Education City Stadium, Doha",Group stage,02-12-2022,2–1,Qatar,2022
Ghana,Uruguay,0,1.6,2,1.8,43443,"Al Janoub Stadium, Al Wakrah",Group stage,02-12-2022,0–2,Qatar,2022
Cameroon,Brazil,1,0.5,0,2.5,85986,"Lusail Iconic Stadium, Lusail",Group stage,02-12-2022,1–0,Qatar,2022
Serbia,Switzerland,2,1.3,3,2.7,41378,"Stadium 974, Doha",Group stage,02-12-2022,2–3,Qatar,2022
Canada,Morocco,1,1.4,2,0.5,43102,"Al Thumama Stadium, ath-Thumāma",Group stage,01-12-2022,1–2,Qatar,2022
Croatia,Belgium,0,0.7,0,3,43984,"Ahmed bin Ali Stadium, Umm al-Afā'ī",Group stage,01-12-2022,0–0,Qatar,2022
Costa Rica,Germany,2,1.3,4,5.7,67054,"Al Bayt Stadium, Al Khor",Group stage,01-12-2022,2–4,Qatar,2022
Japan,Spain,2,1.4,1,1,44851,"Khalifa International Stadium, Doha",Group stage,01-12-2022,2–1,Qatar,2022
Australia,Denmark,1,0.6,0,0.6,41232,"Al Janoub Stadium, Al Wakrah",Group stage,30-11-2022,1–0,Qatar,2022
Tunisia,France,1,0.5,0,0.8,43627,"Education City Stadium, Doha",Group stage,30-11-2022,1–0,Qatar,2022
Saudi Arabia,Mexico,1,1.1,2,2.3,84985,"Lusail Iconic Stadium, Lusail",Group stage,30-11-2022,1–2,Qatar,2022
Poland,Argentina,0,0.3,2,3.5,44089,"Stadium 974, Doha",Group stage,30-11-2022,0–2,Qatar,2022
Ecuador,Senegal,1,0.9,2,2.1,44569,"Khalifa International Stadium, Doha",Group stage,29-11-2022,1–2,Qatar,2022
Netherlands,Qatar,2,1.6,0,0.1,66784,"Al Bayt Stadium, Al Khor",Group stage,29-11-2022,2–0,Qatar,2022
IR Iran,United States,0,0.4,1,1.2,42127,"Al Thumama Stadium, ath-Thumāma",Group stage,29-11-2022,0–1,Qatar,2022
Wales,England,0,0.3,3,2.4,44297,"Ahmed bin Ali Stadium, Umm al-Afā'ī",Group stage,29-11-2022,0–3,Qatar,2022
Cameroon,Serbia,3,2.2,3,1.9,39789,"Al Janoub Stadium, Al Wakrah",Group stage,28-11-2022,3–3,Qatar,2022
Korea Republic,Ghana,2,1.8,3,1.6,43983,"Education City Stadium, Doha",Group stage,28-11-2022,2–3,Qatar,2022
Brazil,Switzerland,1,1,0,0.3,43649,"Stadium 974, Doha",Group stage,28-11-2022,1–0,Qatar,2022
Portugal,Uruguay,2,1.3,0,1.3,88668,"Lusail Iconic Stadium, Lusail",Group stage,28-11-2022,2–0,Qatar,2022
Japan,Costa Rica,0,0.9,1,0.1,41479,"Ahmed bin Ali Stadium, Umm al-Afā'ī",Group stage,27-11-2022,0–1,Qatar,2022
Belgium,Morocco,0,1,2,1.5,43738,"Al Thumama Stadium, ath-Thumāma",Group stage,27-11-2022,0–2,Qatar,2022
Croatia,Canada,4,2.6,1,0.4,44374,"Khalifa International Stadium, Doha",Group stage,27-11-2022,4–1,Qatar,2022
Spain,Germany,1,0.6,1,1.3,68895,"Al Bayt Stadium, Al Khor",Group stage,27-11-2022,1–1,Qatar,2022
Tunisia,Australia,0,0.9,1,0.6,41823,"Al Janoub Stadium, Al Wakrah",Group stage,26-11-2022,0–1,Qatar,2022
Poland,Saudi Arabia,2,1.6,0,1.7,44259,"Education City Stadium, Doha",Group stage,26-11-2022,2–0,Qatar,2022
France,Denmark,2,2.4,1,0.6,42860,"Stadium 974, Doha",Group stage,26-11-2022,2–1,Qatar,2022
Argentina,Mexico,2,0.3,0,0.3,88966,"Lusail Iconic Stadium, Lusail",Group stage,26-11-2022,2–0,Qatar,2022
Wales,IR Iran,0,0.9,2,1.4,40875,"Ahmed bin Ali Stadium, Umm al-Afā'ī",Group stage,25-11-2022,0–2,Qatar,2022
Qatar,Senegal,1,1,3,0.8,41797,"Al Thumama Stadium, ath-Thumāma",Group stage,25-11-2022,1–3,Qatar,2022
Netherlands,Ecuador,1,0.1,1,1.7,44833,"Khalifa International Stadium, Doha",Group stage,25-11-2022,1–1,Qatar,2022
England,United States,0,0.8,0,0.6,68463,"Al Bayt Stadium, Al Khor",Group stage,25-11-2022,0–0,Qatar,2022
Switzerland,Cameroon,1,1.4,0,0.7,39089,"Al Janoub Stadium, Al Wakrah",Group stage,24-11-2022,1–0,Qatar,2022
Uruguay,Korea Republic,0,0.6,0,0.6,41663,"Education City Stadium, Doha",Group stage,24-11-2022,0–0,Qatar,2022
Portugal,Ghana,3,2,2,0.9,42662,"Stadium 974, Doha",Group stage,24-11-2022,3–2,Qatar,2022
Brazil,Serbia,2,2.4,0,0.2,88103,"Lusail Iconic Stadium, Lusail",Group stage,24-11-2022,2–0,Qatar,2022
Morocco,Croatia,0,0.4,0,0.5,59407,"Al Bayt Stadium, Al Khor",Group stage,23-11-2022,0–0,Qatar,2022
Germany,Japan,1,3.1,2,1.5,42608,"Khalifa International Stadium, Doha",Group stage,23-11-2022,1–2,Qatar,2022
Spain,Costa Rica,7,3.5,0,0,40013,"Al Thumama Stadium, ath-Thumāma",Group stage,23-11-2022,7–0,Qatar,2022
Belgium,Canada,1,0.8,0,2.4,40432,"Ahmed bin Ali Stadium, Umm al-Afā'ī",Group stage,23-11-2022,1–0,Qatar,2022
Argentina,Saudi Arabia,1,2.2,2,0.1,88012,"Lusail Iconic Stadium, Lusail",Group stage,22-11-2022,1–2,Qatar,2022
Denmark,Tunisia,0,1.4,0,0.9,42925,"Education City Stadium, Doha",Group stage,22-11-2022,0–0,Qatar,2022
Mexico,Poland,0,0.7,0,0.9,39369,"Stadium 974, Doha",Group stage,22-11-2022,0–0,Qatar,2022
France,Australia,4,4,1,0.5,40875,"Al Janoub Stadium, Al Wakrah",Group stage,22-11-2022,4–1,Qatar,2022
England,IR Iran,6,2.1,2,1.4,45334,"Khalifa International Stadium, Doha",Group stage,21-11-2022,6–2,Qatar,2022
Senegal,Netherlands,0,0.9,2,0.7,41721,"Al Thumama Stadium, ath-Thumāma",Group stage,21-11-2022,0–2,Qatar,2022
United States,Wales,1,0.8,1,1.5,43418,"Ahmed bin Ali Stadium, Umm al-Afā'ī",Group stage,21-11-2022,1–1,Qatar,2022
Qatar,Ecuador,0,0.3,2,1.2,67372,"Al Bayt Stadium, Al Khor",Group stage,20-11-2022,0–2,Qatar,2022
France,Croatia,4,1.1,2,1.1,78011,"Olimpiyskiy stadion Luzhniki, Moskva",Final,15-07-2018,4–2,Russia,2018
Belgium,England,2,1.5,0,1,64406,"Gazprom Arena, Sankt-Petersburg",Third-place match,14-07-2018,2–0,Russia,2018
Croatia,England,2,1.7,1,0.6,78011,"Olimpiyskiy stadion Luzhniki, Moskva",Semi-finals,11-07-2018,2–1,Russia,2018
France,Belgium,1,1.7,0,0.4,64286,"Gazprom Arena, Sankt-Petersburg",Semi-finals,10-07-2018,1–0,Russia,2018
Sweden,England,0,0.5,2,1,39991,"Cosmos Arena, Samara",Quarter-finals,07-07-2018,0–2,Russia,2018
Russia,Croatia,2,1,2,1.7,44287,"Olimpiyskiy Stadion Fisht, Sochi",Quarter-finals,07-07-2018,(3) 2–2 (4),Russia,2018
Uruguay,France,0,0.9,2,0.5,43319,"Stadion Nizhny Novgorod, Nizhny Novgorod",Quarter-finals,06-07-2018,0–2,Russia,2018
Brazil,Belgium,1,2.8,2,0.5,42873,"Kazan Arena, Kazan",Quarter-finals,06-07-2018,1–2,Russia,2018
Sweden,Switzerland,1,1.3,0,0.7,64042,"Gazprom Arena, Sankt-Petersburg",Round of 16,03-07-2018,1–0,Russia,2018
Colombia,England,1,0.6,1,2.1,44190,"Otkrytie Arena, Moskva",Round of 16,03-07-2018,(3) 1–1 (4),Russia,2018
Brazil,Mexico,2,2.7,0,0.7,41970,"Cosmos Arena, Samara",Round of 16,02-07-2018,2–0,Russia,2018
Belgium,Japan,3,2.5,2,0.7,41466,"Rostov Arena, Rostov-na-Donu",Round of 16,02-07-2018,3–2,Russia,2018
Spain,Russia,1,1.8,1,1,78011,"Olimpiyskiy stadion Luzhniki, Moskva",Round of 16,01-07-2018,(3) 1–1 (4),Russia,2018
Croatia,Denmark,1,2.5,1,0.9,40851,"Stadion Nizhny Novgorod, Nizhny Novgorod",Round of 16,01-07-2018,(3) 1–1 (2),Russia,2018
France,Argentina,4,2.2,3,0.8,42873,"Kazan Arena, Kazan",Round of 16,30-06-2018,4–3,Russia,2018
Uruguay,Portugal,2,0.6,1,1,44287,"Olimpiyskiy Stadion Fisht, Sochi",Round of 16,30-06-2018,2–1,Russia,2018
Japan,Poland,0,0.7,1,1.4,42189,"Volgograd Arena, Volgograd",Group stage,28-06-2018,0–1,Russia,2018
Senegal,Colombia,0,0.5,1,0.3,41970,"Cosmos Arena, Samara",Group stage,28-06-2018,0–1,Russia,2018
England,Belgium,0,0.9,1,1.3,33973,"Kaliningrad Stadium, Kaliningrad",Group stage,28-06-2018,0–1,Russia,2018
Panama,Tunisia,1,0.6,2,2.1,37168,"Mordovia Arena, Saransk",Group stage,28-06-2018,1–2,Russia,2018
Korea Republic,Germany,2,1.7,0,2.7,41835,"Kazan Arena, Kazan",Group stage,27-06-2018,2–0,Russia,2018
Mexico,Sweden,0,1.4,3,2.4,33061,"Stadion Central'nyj, Yekaterinburg",Group stage,27-06-2018,0–3,Russia,2018
Switzerland,Costa Rica,2,1.4,2,1.5,43319,"Stadion Nizhny Novgorod, Nizhny Novgorod",Group stage,27-06-2018,2–2,Russia,2018
Serbia,Brazil,0,0.8,2,1.4,44190,"Otkrytie Arena, Moskva",Group stage,27-06-2018,0–2,Russia,2018
Australia,Peru,0,0.9,2,0.2,44073,"Olimpiyskiy Stadion Fisht, Sochi",Group stage,26-06-2018,0–2,Russia,2018
Denmark,France,0,0.2,0,0.4,78011,"Olimpiyskiy stadion Luzhniki, Moskva",Group stage,26-06-2018,0–0,Russia,2018
Iceland,Croatia,1,2.1,2,0.7,43472,"Rostov Arena, Rostov-na-Donu",Group stage,26-06-2018,1–2,Russia,2018
Nigeria,Argentina,1,1.4,2,0.9,64468,"Gazprom Arena, Sankt-Petersburg",Group stage,26-06-2018,1–2,Russia,2018
Saudi Arabia,Egypt,2,2.6,1,0.8,36823,"Volgograd Arena, Volgograd",Group stage,25-06-2018,2–1,Russia,2018
Uruguay,Russia,3,2.4,0,0.1,41970,"Cosmos Arena, Samara",Group stage,25-06-2018,3–0,Russia,2018
Spain,Morocco,2,2.9,2,1.2,33973,"Kaliningrad Stadium, Kaliningrad",Group stage,25-06-2018,2–2,Russia,2018
IR Iran,Portugal,1,1.4,1,1.3,41685,"Mordovia Arena, Saransk",Group stage,25-06-2018,1–1,Russia,2018
England,Panama,6,2.8,1,1.1,43319,"Stadion Nizhny Novgorod, Nizhny Novgorod",Group stage,24-06-2018,6–1,Russia,2018
Japan,Senegal,2,0.9,2,1.4,32572,"Stadion Central'nyj, Yekaterinburg",Group stage,24-06-2018,2–2,Russia,2018
Poland,Colombia,0,1.1,3,2.1,42873,"Kazan Arena, Kazan",Group stage,24-06-2018,0–3,Russia,2018
Belgium,Tunisia,5,5.2,2,1.1,44190,"Otkrytie Arena, Moskva",Group stage,23-06-2018,5–2,Russia,2018
Korea Republic,Mexico,1,0.9,2,1.9,43472,"Rostov Arena, Rostov-na-Donu",Group stage,23-06-2018,1–2,Russia,2018
Germany,Sweden,2,1.4,1,0.9,44287,"Olimpiyskiy Stadion Fisht, Sochi",Group stage,23-06-2018,2–1,Russia,2018
Brazil,Costa Rica,2,2.6,0,0.1,64468,"Gazprom Arena, Sankt-Petersburg",Group stage,22-06-2018,2–0,Russia,2018
Nigeria,Iceland,2,0.9,0,1.3,40904,"Volgograd Arena, Volgograd",Group stage,22-06-2018,2–0,Russia,2018
Serbia,Switzerland,1,1.5,2,2.1,33167,"Kaliningrad Stadium, Kaliningrad",Group stage,22-06-2018,1–2,Russia,2018
Denmark,Australia,1,0.8,1,1.3,40727,"Cosmos Arena, Samara",Group stage,21-06-2018,1–1,Russia,2018
France,Peru,1,2,0,0.4,32789,"Stadion Central'nyj, Yekaterinburg",Group stage,21-06-2018,1–0,Russia,2018
Argentina,Croatia,0,1.3,3,1.9,43319,"Stadion Nizhny Novgorod, Nizhny Novgorod",Group stage,21-06-2018,0–3,Russia,2018
Portugal,Morocco,1,1.2,0,0.9,78011,"Olimpiyskiy stadion Luzhniki, Moskva",Group stage,20-06-2018,1–0,Russia,2018
Uruguay,Saudi Arabia,1,1.7,0,0.3,42678,"Rostov Arena, Rostov-na-Donu",Group stage,20-06-2018,1–0,Russia,2018
IR Iran,Spain,0,0.7,1,1.9,42718,"Kazan Arena, Kazan",Group stage,20-06-2018,0–1,Russia,2018
Colombia,Japan,1,1,2,2,40842,"Mordovia Arena, Saransk",Group stage,19-06-2018,1–2,Russia,2018
Poland,Senegal,1,0.8,2,1,44190,"Otkrytie Arena, Moskva",Group stage,19-06-2018,1–2,Russia,2018
Russia,Egypt,3,1.2,1,1.4,64468,"Gazprom Arena, Sankt-Petersburg",Group stage,19-06-2018,3–1,Russia,2018
Sweden,Korea Republic,1,2.3,0,0.3,42300,"Stadion Nizhny Novgorod, Nizhny Novgorod",Group stage,18-06-2018,1–0,Russia,2018
Belgium,Panama,3,2,0,0.5,43257,"Olimpiyskiy Stadion Fisht, Sochi",Group stage,18-06-2018,3–0,Russia,2018
Tunisia,England,1,1,2,2.8,41064,"Volgograd Arena, Volgograd",Group stage,18-06-2018,1–2,Russia,2018
Costa Rica,Serbia,0,0.9,1,0.9,41432,"Cosmos Arena, Samara",Group stage,17-06-2018,0–1,Russia,2018
Germany,Mexico,0,1.4,1,1.3,78011,"Olimpiyskiy stadion Luzhniki, Moskva",Group stage,17-06-2018,0–1,Russia,2018
Brazil,Switzerland,1,2.2,1,0.9,43109,"Rostov Arena, Rostov-na-Donu",Group stage,17-06-2018,1–1,Russia,2018
France,Australia,2,1.3,1,1,41279,"Kazan Arena, Kazan",Group stage,16-06-2018,2–1,Russia,2018
Argentina,Iceland,1,1.9,1,1,44190,"Otkrytie Arena, Moskva",Group stage,16-06-2018,1–1,Russia,2018
Peru,Denmark,0,1.7,1,1,40502,"Mordovia Arena, Saransk",Group stage,16-06-2018,0–1,Russia,2018
Croatia,Nigeria,2,1.5,0,0.7,31136,"Kaliningrad Stadium, Kaliningrad",Group stage,16-06-2018,2–0,Russia,2018
Egypt,Uruguay,0,0.3,1,1.6,27015,"Stadion Central'nyj, Yekaterinburg",Group stage,15-06-2018,0–1,Russia,2018
Morocco,IR Iran,0,0.7,1,1,62548,"Gazprom Arena, Sankt-Petersburg",Group stage,15-06-2018,0–1,Russia,2018
Portugal,Spain,3,1.2,3,1.6,43866,"Olimpiyskiy Stadion Fisht, Sochi",Group stage,15-06-2018,3–3,Russia,2018
Russia,Saudi Arabia,5,1.7,0,0.2,78011,"Olimpiyskiy stadion Luzhniki, Moskva",Group stage,14-06-2018,5–0,Russia,2018
Germany,Argentina,1,,0,,74738,"Estadio Jornalista Mário Filho, Rio de Janeiro",Final,13-07-2014,1–0,Brazil,2014
Brazil,Netherlands,0,,3,,68034,"Estádio Nacional de Brasília, Brasília",Third-place match,12-07-2014,0–3,Brazil,2014
Netherlands,Argentina,0,,0,,63267,"Arena Corinthians, São Paulo",Semi-finals,09-07-2014,(2) 0–0 (4),Brazil,2014
Brazil,Germany,1,,7,,58141,"Estádio Governador Magalhães Pinto, Belo Horizonte",Semi-finals,08-07-2014,1–7,Brazil,2014
Argentina,Belgium,1,,0,,68551,"Estádio Nacional de Brasília, Brasília",Quarter-finals,05-07-2014,1–0,Brazil,2014
Netherlands,Costa Rica,0,,0,,51179,"Itaipava Arena Fonte Nova, Salvador",Quarter-finals,05-07-2014,(4) 0–0 (3),Brazil,2014
France,Germany,0,,1,,74240,"Estadio Jornalista Mário Filho, Rio de Janeiro",Quarter-finals,04-07-2014,0–1,Brazil,2014
Brazil,Colombia,2,,1,,60342,"Estádio Castelão, Fortaleza",Quarter-finals,04-07-2014,2–1,Brazil,2014
Argentina,Switzerland,1,,0,,63255,"Arena Corinthians, São Paulo",Round of 16,01-07-2014,1–0,Brazil,2014
Belgium,United States,2,,1,,51227,"Itaipava Arena Fonte Nova, Salvador",Round of 16,01-07-2014,2–1,Brazil,2014
France,Nigeria,2,,0,,67882,"Estádio Nacional de Brasília, Brasília",Round of 16,30-06-2014,2–0,Brazil,2014
Germany,Algeria,2,,1,,43063,"Estádio José Pinheiro Borba, Porto Alegre",Round of 16,30-06-2014,2–1,Brazil,2014
Netherlands,Mexico,2,,1,,58817,"Estádio Castelão, Fortaleza",Round of 16,29-06-2014,2–1,Brazil,2014
Costa Rica,Greece,1,,1,,41242,"Itaipava Arena Pernambuco, Recife",Round of 16,29-06-2014,(5) 1–1 (3),Brazil,2014
Brazil,Chile,1,,1,,57714,"Estádio Governador Magalhães Pinto, Belo Horizonte",Round of 16,28-06-2014,(3) 1–1 (2),Brazil,2014
Colombia,Uruguay,2,,0,,73804,"Estadio Jornalista Mário Filho, Rio de Janeiro",Round of 16,28-06-2014,2–0,Brazil,2014
United States,Germany,0,,1,,41876,"Itaipava Arena Pernambuco, Recife",Group stage,26-06-2014,0–1,Brazil,2014
Portugal,Ghana,2,,1,,67540,"Estádio Nacional de Brasília, Brasília",Group stage,26-06-2014,2–1,Brazil,2014
Korea Republic,Belgium,0,,1,,61397,"Arena Corinthians, São Paulo",Group stage,26-06-2014,0–1,Brazil,2014
Algeria,Russia,1,,1,,39311,"Estádio Joaquim Américo Guimarães, Curitiba",Group stage,26-06-2014,1–1,Brazil,2014
Bosnia and Herzegovina,IR Iran,3,,1,,48011,"Itaipava Arena Fonte Nova, Salvador",Group stage,25-06-2014,3–1,Brazil,2014
Nigeria,Argentina,2,,3,,43285,"Estádio José Pinheiro Borba, Porto Alegre",Group stage,25-06-2014,2–3,Brazil,2014
Honduras,Switzerland,0,,3,,40322,"Arena da Amazônia, Manaus",Group stage,25-06-2014,0–3,Brazil,2014
Ecuador,France,0,,0,,73749,"Estadio Jornalista Mário Filho, Rio de Janeiro",Group stage,25-06-2014,0–0,Brazil,2014
Costa Rica,England,0,,0,,57823,"Estádio Governador Magalhães Pinto, Belo Horizonte",Group stage,24-06-2014,0–0,Brazil,2014
Italy,Uruguay,0,,1,,39706,"Arena das Dunas, Natal",Group stage,24-06-2014,0–1,Brazil,2014
Japan,Colombia,1,,4,,40340,"Arena Pantanal, Cuiabá",Group stage,24-06-2014,1–4,Brazil,2014
Greece,Côte d'Ivoire,2,,1,,59095,"Estádio Castelão, Fortaleza",Group stage,24-06-2014,2–1,Brazil,2014
Australia,Spain,0,,3,,39375,"Estádio Joaquim Américo Guimarães, Curitiba",Group stage,23-06-2014,0–3,Brazil,2014
Netherlands,Chile,2,,0,,62996,"Arena Corinthians, São Paulo",Group stage,23-06-2014,2–0,Brazil,2014
Croatia,Mexico,1,,3,,41212,"Itaipava Arena Pernambuco, Recife",Group stage,23-06-2014,1–3,Brazil,2014
Cameroon,Brazil,1,,4,,69112,"Estádio Nacional de Brasília, Brasília",Group stage,23-06-2014,1–4,Brazil,2014
Belgium,Russia,1,,0,,73819,"Estadio Jornalista Mário Filho, Rio de Janeiro",Group stage,22-06-2014,1–0,Brazil,2014
Korea Republic,Algeria,2,,4,,42732,"Estádio José Pinheiro Borba, Porto Alegre",Group stage,22-06-2014,2–4,Brazil,2014
United States,Portugal,2,,2,,40123,"Arena da Amazônia, Manaus",Group stage,22-06-2014,2–2,Brazil,2014
Argentina,IR Iran,1,,0,,57698,"Estádio Governador Magalhães Pinto, Belo Horizonte",Group stage,21-06-2014,1–0,Brazil,2014
Germany,Ghana,2,,2,,59621,"Estádio Castelão, Fortaleza",Group stage,21-06-2014,2–2,Brazil,2014
Nigeria,Bosnia and Herzegovina,1,,0,,40499,"Arena Pantanal, Cuiabá",Group stage,21-06-2014,1–0,Brazil,2014
Italy,Costa Rica,0,,1,,40285,"Itaipava Arena Pernambuco, Recife",Group stage,20-06-2014,0–1,Brazil,2014
Switzerland,France,2,,5,,51003,"Itaipava Arena Fonte Nova, Salvador",Group stage,20-06-2014,2–5,Brazil,2014
Honduras,Ecuador,1,,2,,39224,"Estádio Joaquim Américo Guimarães, Curitiba",Group stage,20-06-2014,1–2,Brazil,2014
Colombia,Côte d'Ivoire,2,,1,,68748,"Estádio Nacional de Brasília, Brasília",Group stage,19-06-2014,2–1,Brazil,2014
Uruguay,England,2,,1,,62575,"Arena Corinthians, São Paulo",Group stage,19-06-2014,2–1,Brazil,2014
Japan,Greece,0,,0,,39485,"Arena das Dunas, Natal",Group stage,19-06-2014,0–0,Brazil,2014
Australia,Netherlands,2,,3,,42877,"Estádio José Pinheiro Borba, Porto Alegre",Group stage,18-06-2014,2–3,Brazil,2014
Spain,Chile,0,,2,,74101,"Estadio Jornalista Mário Filho, Rio de Janeiro",Group stage,18-06-2014,0–2,Brazil,2014
Cameroon,Croatia,0,,4,,39982,"Arena da Amazônia, Manaus",Group stage,18-06-2014,0–4,Brazil,2014
Belgium,Algeria,2,,1,,56800,"Estádio Governador Magalhães Pinto, Belo Horizonte",Group stage,17-06-2014,2–1,Brazil,2014
Brazil,Mexico,0,,0,,60342,"Estádio Castelão, Fortaleza",Group stage,17-06-2014,0–0,Brazil,2014
Russia,Korea Republic,1,,1,,37603,"Arena Pantanal, Cuiabá",Group stage,17-06-2014,1–1,Brazil,2014
Germany,Portugal,4,,0,,51081,"Itaipava Arena Fonte Nova, Salvador",Group stage,16-06-2014,4–0,Brazil,2014
IR Iran,Nigeria,0,,0,,39081,"Estádio Joaquim Américo Guimarães, Curitiba",Group stage,16-06-2014,0–0,Brazil,2014
Ghana,United States,1,,2,,39760,"Arena das Dunas, Natal",Group stage,16-06-2014,1–2,Brazil,2014
Switzerland,Ecuador,2,,1,,68351,"Estádio Nacional de Brasília, Brasília",Group stage,15-06-2014,2–1,Brazil,2014
France,Honduras,3,,0,,43012,"Estádio José Pinheiro Borba, Porto Alegre",Group stage,15-06-2014,3–0,Brazil,2014
Argentina,Bosnia and Herzegovina,2,,1,,74738,"Estadio Jornalista Mário Filho, Rio de Janeiro",Group stage,15-06-2014,2–1,Brazil,2014
Colombia,Greece,3,,0,,57174,"Estádio Governador Magalhães Pinto, Belo Horizonte",Group stage,14-06-2014,3–0,Brazil,2014
Uruguay,Costa Rica,1,,3,,58679,"Estádio Castelão, Fortaleza",Group stage,14-06-2014,1–3,Brazil,2014
England,Italy,1,,2,,39800,"Arena da Amazônia, Manaus",Group stage,14-06-2014,1–2,Brazil,2014
Côte d'Ivoire,Japan,2,,1,,40267,"Itaipava Arena Pernambuco, Recife",Group stage,14-06-2014,2–1,Brazil,2014
Mexico,Cameroon,1,,0,,39216,"Arena das Dunas, Natal",Group stage,13-06-2014,1–0,Brazil,2014
Spain,Netherlands,1,,5,,48173,"Itaipava Arena Fonte Nova, Salvador",Group stage,13-06-2014,1–5,Brazil,2014
Chile,Australia,3,,1,,40275,"Arena Pantanal, Cuiabá",Group stage,13-06-2014,3–1,Brazil,2014
Brazil,Croatia,3,,1,,62103,"Arena Corinthians, São Paulo",Group stage,12-06-2014,3–1,Brazil,2014
Netherlands,Spain,0,,1,,84490,"Soccer City, Johannesburg",Final,11-07-2010,0–1,South Africa,2010
Uruguay,Germany,2,,3,,36254,"Nelson Mandela Bay Stadium, Port Elizabeth",Third-place match,10-07-2010,2–3,South Africa,2010
Germany,Spain,0,,1,,60960,"Moses Mabhida Stadium, Durban",Semi-finals,07-07-2010,0–1,South Africa,2010
Uruguay,Netherlands,2,,3,,62479,"Cape Town Stadium, Cape Town",Semi-finals,06-07-2010,2–3,South Africa,2010
Argentina,Germany,0,,4,,64100,"Cape Town Stadium, Cape Town",Quarter-finals,03-07-2010,0–4,South Africa,2010
Paraguay,Spain,0,,1,,55359,"Emirates Airline Park, Johannesburg",Quarter-finals,03-07-2010,0–1,South Africa,2010
Netherlands,Brazil,2,,1,,40186,"Nelson Mandela Bay Stadium, Port Elizabeth",Quarter-finals,02-07-2010,2–1,South Africa,2010
Uruguay,Ghana,1,,1,,84017,"Soccer City, Johannesburg",Quarter-finals,02-07-2010,(4) 1–1 (2),South Africa,2010
Paraguay,Japan,0,,0,,36742,"Loftus Versfeld Stadium, Pretoria",Round of 16,29-06-2010,(5) 0–0 (3),South Africa,2010
Spain,Portugal,1,,0,,62955,"Cape Town Stadium, Cape Town",Round of 16,29-06-2010,1–0,South Africa,2010
Netherlands,Slovakia,2,,1,,61962,"Moses Mabhida Stadium, Durban",Round of 16,28-06-2010,2–1,South Africa,2010
Brazil,Chile,3,,0,,54096,"Emirates Airline Park, Johannesburg",Round of 16,28-06-2010,3–0,South Africa,2010
Germany,England,4,,1,,40510,"Toyota Stadium, Bloemfontein",Round of 16,27-06-2010,4–1,South Africa,2010
Argentina,Mexico,3,,1,,84377,"Soccer City, Johannesburg",Round of 16,27-06-2010,3–1,South Africa,2010
Uruguay,Korea Republic,2,,1,,30597,"Nelson Mandela Bay Stadium, Port Elizabeth",Round of 16,26-06-2010,2–1,South Africa,2010
United States,Ghana,1,,2,,34976,"Royal Bafokeng Stadium, Phokeng",Round of 16,26-06-2010,1–2,South Africa,2010
Portugal,Brazil,0,,0,,62712,"Moses Mabhida Stadium, Durban",Group stage,25-06-2010,0–0,South Africa,2010
Korea DPR,Côte d'Ivoire,0,,3,,34763,"Mbombela Stadium, Nelspruit",Group stage,25-06-2010,0–3,South Africa,2010
Chile,Spain,1,,2,,41958,"Loftus Versfeld Stadium, Pretoria",Group stage,25-06-2010,1–2,South Africa,2010
Switzerland,Honduras,0,,0,,28042,"Toyota Stadium, Bloemfontein",Group stage,25-06-2010,0–0,South Africa,2010
Paraguay,New Zealand,0,,0,,34850,"Peter Mokaba Stadium, Polokwane",Group stage,24-06-2010,0–0,South Africa,2010
Slovakia,Italy,3,,2,,53412,"Emirates Airline Park, Johannesburg",Group stage,24-06-2010,3–2,South Africa,2010
Denmark,Japan,1,,3,,27967,"Royal Bafokeng Stadium, Phokeng",Group stage,24-06-2010,1–3,South Africa,2010
Cameroon,Netherlands,1,,2,,63093,"Cape Town Stadium, Cape Town",Group stage,24-06-2010,1–2,South Africa,2010
Slovenia,England,0,,1,,36893,"Nelson Mandela Bay Stadium, Port Elizabeth",Group stage,23-06-2010,0–1,South Africa,2010
United States,Algeria,1,,0,,35827,"Loftus Versfeld Stadium, Pretoria",Group stage,23-06-2010,1–0,South Africa,2010
Ghana,Germany,0,,1,,83391,"Soccer City, Johannesburg",Group stage,23-06-2010,0–1,South Africa,2010
Australia,Serbia,2,,1,,37836,"Mbombela Stadium, Nelspruit",Group stage,23-06-2010,2–1,South Africa,2010
Mexico,Uruguay,0,,1,,33425,"Royal Bafokeng Stadium, Phokeng",Group stage,22-06-2010,0–1,South Africa,2010
France,South Africa,1,,2,,39415,"Toyota Stadium, Bloemfontein",Group stage,22-06-2010,1–2,South Africa,2010
Nigeria,Korea Republic,2,,2,,61874,"Moses Mabhida Stadium, Durban",Group stage,22-06-2010,2–2,South Africa,2010
Greece,Argentina,0,,2,,38891,"Peter Mokaba Stadium, Polokwane",Group stage,22-06-2010,0–2,South Africa,2010
Portugal,Korea DPR,7,,0,,63644,"Cape Town Stadium, Cape Town",Group stage,21-06-2010,7–0,South Africa,2010
Chile,Switzerland,1,,0,,34872,"Nelson Mandela Bay Stadium, Port Elizabeth",Group stage,21-06-2010,1–0,South Africa,2010
Spain,Honduras,2,,0,,54386,"Emirates Airline Park, Johannesburg",Group stage,21-06-2010,2–0,South Africa,2010
Slovakia,Paraguay,0,,2,,26643,"Toyota Stadium, Bloemfontein",Group stage,20-06-2010,0–2,South Africa,2010
Italy,New Zealand,1,,1,,38229,"Mbombela Stadium, Nelspruit",Group stage,20-06-2010,1–1,South Africa,2010
Brazil,Côte d'Ivoire,3,,1,,84455,"Soccer City, Johannesburg",Group stage,20-06-2010,3–1,South Africa,2010
Netherlands,Japan,1,,0,,62010,"Moses Mabhida Stadium, Durban",Group stage,19-06-2010,1–0,South Africa,2010
Ghana,Australia,1,,1,,34812,"Royal Bafokeng Stadium, Phokeng",Group stage,19-06-2010,1–1,South Africa,2010
Cameroon,Denmark,1,,2,,38074,"Loftus Versfeld Stadium, Pretoria",Group stage,19-06-2010,1–2,South Africa,2010
Germany,Serbia,0,,1,,38294,"Nelson Mandela Bay Stadium, Port Elizabeth",Group stage,18-06-2010,0–1,South Africa,2010
Slovenia,United States,2,,2,,45573,"Emirates Airline Park, Johannesburg",Group stage,18-06-2010,2–2,South Africa,2010
England,Algeria,0,,0,,64100,"Cape Town Stadium, Cape Town",Group stage,18-06-2010,0–0,South Africa,2010
Argentina,Korea Republic,4,,1,,82174,"Soccer City, Johannesburg",Group stage,17-06-2010,4–1,South Africa,2010
Greece,Nigeria,2,,1,,31593,"Toyota Stadium, Bloemfontein",Group stage,17-06-2010,2–1,South Africa,2010
France,Mexico,0,,2,,35370,"Peter Mokaba Stadium, Polokwane",Group stage,17-06-2010,0–2,South Africa,2010
Honduras,Chile,0,,1,,32664,"Mbombela Stadium, Nelspruit",Group stage,16-06-2010,0–1,South Africa,2010
Spain,Switzerland,0,,1,,62453,"Moses Mabhida Stadium, Durban",Group stage,16-06-2010,0–1,South Africa,2010
South Africa,Uruguay,0,,3,,42658,"Loftus Versfeld Stadium, Pretoria",Group stage,16-06-2010,0–3,South Africa,2010
New Zealand,Slovakia,1,,1,,23871,"Royal Bafokeng Stadium, Phokeng",Group stage,15-06-2010,1–1,South Africa,2010
Côte d'Ivoire,Portugal,0,,0,,37034,"Nelson Mandela Bay Stadium, Port Elizabeth",Group stage,15-06-2010,0–0,South Africa,2010
Brazil,Korea DPR,2,,1,,54331,"Emirates Airline Park, Johannesburg",Group stage,15-06-2010,2–1,South Africa,2010
Netherlands,Denmark,2,,0,,83465,"Soccer City, Johannesburg",Group stage,14-06-2010,2–0,South Africa,2010
Japan,Cameroon,1,,0,,30620,"Toyota Stadium, Bloemfontein",Group stage,14-06-2010,1–0,South Africa,2010
Italy,Paraguay,1,,1,,62869,"Cape Town Stadium, Cape Town",Group stage,14-06-2010,1–1,South Africa,2010
Algeria,Slovenia,0,,1,,30325,"Peter Mokaba Stadium, Polokwane",Group stage,13-06-2010,0–1,South Africa,2010
Serbia,Ghana,0,,1,,38833,"Loftus Versfeld Stadium, Pretoria",Group stage,13-06-2010,0–1,South Africa,2010
Germany,Australia,4,,0,,62660,"Moses Mabhida Stadium, Durban",Group stage,13-06-2010,4–0,South Africa,2010
Korea Republic,Greece,2,,0,,31513,"Nelson Mandela Bay Stadium, Port Elizabeth",Group stage,12-06-2010,2–0,South Africa,2010
Argentina,Nigeria,1,,0,,55686,"Emirates Airline Park, Johannesburg",Group stage,12-06-2010,1–0,South Africa,2010
England,United States,1,,1,,38646,"Royal Bafokeng Stadium, Phokeng",Group stage,12-06-2010,1–1,South Africa,2010
South Africa,Mexico,1,,1,,84490,"Soccer City, Johannesburg",Group stage,11-06-2010,1–1,South Africa,2010
Uruguay,France,0,,0,,64100,"Cape Town Stadium, Cape Town",Group stage,11-06-2010,0–0,South Africa,2010
Italy,France,1,,1,,69000,"Olympiastadion Berlin, Berlin",Final,09-07-2006,(5) 1–1 (3),Germany,2006
Germany,Portugal,3,,1,,52000,"Mercedes-Benz Arena, Stuttgart",Third-place match,08-07-2006,3–1,Germany,2006
Portugal,France,0,,1,,66000,"Allianz Arena, München",Semi-finals,05-07-2006,0–1,Germany,2006
Germany,Italy,0,,2,,65000,"Signal Iduna Park, Dortmund",Semi-finals,04-07-2006,0–2,Germany,2006
England,Portugal,0,,0,,52000,"Veltins-Arena, Gelsenkirchen",Quarter-finals,01-07-2006,(1) 0–0 (3),Germany,2006
Brazil,France,0,,1,,48000,"Commerzbank-Arena, Frankfurt am Main",Quarter-finals,01-07-2006,0–1,Germany,2006
Germany,Argentina,1,,1,,72000,"Olympiastadion Berlin, Berlin",Quarter-finals,30-06-2006,(4) 1–1 (2),Germany,2006
Italy,Ukraine,3,,0,,50000,"Volksparkstadion, Hamburg",Quarter-finals,30-06-2006,3–0,Germany,2006
Brazil,Ghana,3,,0,,65000,"Signal Iduna Park, Dortmund",Round of 16,27-06-2006,3–0,Germany,2006
Spain,France,1,,3,,43000,"HDI-Arena, Hannover",Round of 16,27-06-2006,1–3,Germany,2006
Italy,Australia,1,,0,,46000,"Fritz-Walter-Stadion, Kaiserslautern",Round of 16,26-06-2006,1–0,Germany,2006
Switzerland,Ukraine,0,,0,,45000,"RheinEnergieSTADION, Köln",Round of 16,26-06-2006,(0) 0–0 (3),Germany,2006
England,Ecuador,1,,0,,52000,"Mercedes-Benz Arena, Stuttgart",Round of 16,25-06-2006,1–0,Germany,2006
Portugal,Netherlands,1,,0,,41000,"Max-Morlock-Stadion, Nürnberg",Round of 16,25-06-2006,1–0,Germany,2006
Germany,Sweden,2,,0,,66000,"Allianz Arena, München",Round of 16,24-06-2006,2–0,Germany,2006
Argentina,Mexico,2,,1,,43000,"Red Bull Arena, Leipzig",Round of 16,24-06-2006,2–1,Germany,2006
Saudi Arabia,Spain,0,,1,,46000,"Fritz-Walter-Stadion, Kaiserslautern",Group stage,23-06-2006,0–1,Germany,2006
Ukraine,Tunisia,1,,0,,72000,"Olympiastadion Berlin, Berlin",Group stage,23-06-2006,1–0,Germany,2006
Togo,France,0,,2,,45000,"RheinEnergieSTADION, Köln",Group stage,23-06-2006,0–2,Germany,2006
Switzerland,Korea Republic,2,,0,,43000,"HDI-Arena, Hannover",Group stage,23-06-2006,2–0,Germany,2006
Ghana,United States,2,,1,,41000,"Max-Morlock-Stadion, Nürnberg",Group stage,22-06-2006,2–1,Germany,2006
Czech Republic,Italy,0,,2,,50000,"Volksparkstadion, Hamburg",Group stage,22-06-2006,0–2,Germany,2006
Japan,Brazil,1,,4,,65000,"Signal Iduna Park, Dortmund",Group stage,22-06-2006,1–4,Germany,2006
Croatia,Australia,2,,2,,52000,"Mercedes-Benz Arena, Stuttgart",Group stage,22-06-2006,2–2,Germany,2006
Portugal,Mexico,2,,1,,52000,"Veltins-Arena, Gelsenkirchen",Group stage,21-06-2006,2–1,Germany,2006
IR Iran,Angola,1,,1,,38000,"Red Bull Arena, Leipzig",Group stage,21-06-2006,1–1,Germany,2006
Côte d'Ivoire,Serbia and Montenegro,3,,2,,66000,"Allianz Arena, München",Group stage,21-06-2006,3–2,Germany,2006
Netherlands,Argentina,0,,0,,48000,"Commerzbank-Arena, Frankfurt am Main",Group stage,21-06-2006,0–0,Germany,2006
Costa Rica,Poland,1,,2,,43000,"HDI-Arena, Hannover",Group stage,20-06-2006,1–2,Germany,2006
Ecuador,Germany,0,,3,,72000,"Olympiastadion Berlin, Berlin",Group stage,20-06-2006,0–3,Germany,2006
Paraguay,Trinidad and Tobago,2,,0,,46000,"Fritz-Walter-Stadion, Kaiserslautern",Group stage,20-06-2006,2–0,Germany,2006
Sweden,England,2,,2,,45000,"RheinEnergieSTADION, Köln",Group stage,20-06-2006,2–2,Germany,2006
Togo,Switzerland,0,,2,,65000,"Signal Iduna Park, Dortmund",Group stage,19-06-2006,0–2,Germany,2006
Saudi Arabia,Ukraine,0,,4,,50000,"Volksparkstadion, Hamburg",Group stage,19-06-2006,0–4,Germany,2006
Spain,Tunisia,3,,1,,52000,"Mercedes-Benz Arena, Stuttgart",Group stage,19-06-2006,3–1,Germany,2006
Japan,Croatia,0,,0,,41000,"Max-Morlock-Stadion, Nürnberg",Group stage,18-06-2006,0–0,Germany,2006
Brazil,Australia,2,,0,,66000,"Allianz Arena, München",Group stage,18-06-2006,2–0,Germany,2006
France,Korea Republic,1,,1,,43000,"Red Bull Arena, Leipzig",Group stage,18-06-2006,1–1,Germany,2006
Portugal,IR Iran,2,,0,,48000,"Commerzbank-Arena, Frankfurt am Main",Group stage,17-06-2006,2–0,Germany,2006
Czech Republic,Ghana,0,,2,,45000,"RheinEnergieSTADION, Köln",Group stage,17-06-2006,0–2,Germany,2006
Italy,United States,1,,1,,46000,"Fritz-Walter-Stadion, Kaiserslautern",Group stage,17-06-2006,1–1,Germany,2006
Argentina,Serbia and Montenegro,6,,0,,52000,"Veltins-Arena, Gelsenkirchen",Group stage,16-06-2006,6–0,Germany,2006
Netherlands,Côte d'Ivoire,2,,1,,52000,"Mercedes-Benz Arena, Stuttgart",Group stage,16-06-2006,2–1,Germany,2006
Mexico,Angola,0,,0,,43000,"HDI-Arena, Hannover",Group stage,16-06-2006,0–0,Germany,2006
Ecuador,Costa Rica,3,,0,,50000,"Veltins-Arena, Gelsenkirchen",Group stage,15-06-2006,3–0,Germany,2006
England,Trinidad and Tobago,2,,0,,41000,"Max-Morlock-Stadion, Nürnberg",Group stage,15-06-2006,2–0,Germany,2006
Sweden,Paraguay,1,,0,,72000,"Olympiastadion Berlin, Berlin",Group stage,15-06-2006,1–0,Germany,2006
Spain,Ukraine,4,,0,,43000,"Red Bull Arena, Leipzig",Group stage,14-06-2006,4–0,Germany,2006
Tunisia,Saudi Arabia,2,,2,,66000,"Allianz Arena, München",Group stage,14-06-2006,2–2,Germany,2006
Germany,Poland,1,,0,,65000,"Signal Iduna Park, Dortmund",Group stage,14-06-2006,1–0,Germany,2006
Korea Republic,Togo,2,,1,,48000,"Commerzbank-Arena, Frankfurt am Main",Group stage,13-06-2006,2–1,Germany,2006
France,Switzerland,0,,0,,52000,"Mercedes-Benz Arena, Stuttgart",Group stage,13-06-2006,0–0,Germany,2006
Brazil,Croatia,1,,0,,72000,"Olympiastadion Berlin, Berlin",Group stage,13-06-2006,1–0,Germany,2006
Australia,Japan,3,,1,,46000,"Fritz-Walter-Stadion, Kaiserslautern",Group stage,12-06-2006,3–1,Germany,2006
United States,Czech Republic,0,,3,,52000,"Veltins-Arena, Gelsenkirchen",Group stage,12-06-2006,0–3,Germany,2006
Italy,Ghana,2,,0,,43000,"HDI-Arena, Hannover",Group stage,12-06-2006,2–0,Germany,2006
Serbia and Montenegro,Netherlands,0,,1,,37216,"Red Bull Arena, Leipzig",Group stage,11-06-2006,0–1,Germany,2006
Mexico,IR Iran,3,,1,,41000,"Max-Morlock-Stadion, Nürnberg",Group stage,11-06-2006,3–1,Germany,2006
Angola,Portugal,0,,1,,45000,"RheinEnergieSTADION, Köln",Group stage,11-06-2006,0–1,Germany,2006
England,Paraguay,1,,0,,48000,"Commerzbank-Arena, Frankfurt am Main",Group stage,10-06-2006,1–0,Germany,2006
Trinidad and Tobago,Sweden,0,,0,,62959,"Signal Iduna Park, Dortmund",Group stage,10-06-2006,0–0,Germany,2006
Argentina,Côte d'Ivoire,2,,1,,49480,"Volksparkstadion, Hamburg",Group stage,10-06-2006,2–1,Germany,2006
Germany,Costa Rica,4,,2,,64950,"Allianz Arena, München",Group stage,09-06-2006,4–2,Germany,2006
Poland,Ecuador,0,,2,,52000,"Veltins-Arena, Gelsenkirchen",Group stage,09-06-2006,0–2,Germany,2006
Germany,Brazil,0,,2,,69029,"Nissan Stadium, Yokohama",Final,30-06-2002,0–2,"Korea Republic, Japan",2002
Korea Republic,Türkiye,2,,3,,63483,"Daegu Main Stadium, Daegu",Third-place match,29-06-2002,2–3,"Korea Republic, Japan",2002
Brazil,Türkiye,1,,0,,61058,"Saitama Stadium 2002, Saitama",Semi-finals,26-06-2002,1–0,"Korea Republic, Japan",2002
Germany,Korea Republic,1,,0,,65625,"Seoul World Cup Stadium, Seoul",Semi-finals,25-06-2002,1–0,"Korea Republic, Japan",2002
Spain,Korea Republic,0,,0,,42114,"Guus Hiddink Stadium, Gwangju",Quarter-finals,22-06-2002,(3) 0–0 (5),"Korea Republic, Japan",2002
Senegal,Türkiye,0,,1,,44233,"Yanmar Stadium Nagai, Osaka",Quarter-finals,22-06-2002,0–1,"Korea Republic, Japan",2002
England,Brazil,1,,2,,47436,"Daejeon World Cup Stadium, Daejeon",Quarter-finals,21-06-2002,1–2,"Korea Republic, Japan",2002
Germany,United States,1,,0,,37337,"Munsu Cup Stadium, Ulsan",Quarter-finals,21-06-2002,1–0,"Korea Republic, Japan",2002
Japan,Türkiye,0,,1,,45666,"Miyagi Stadium, Rifu",Round of 16,18-06-2002,0–1,"Korea Republic, Japan",2002
Korea Republic,Italy,2,,1,,38588,"Daejeon World Cup Stadium, Daejeon",Round of 16,18-06-2002,2–1,"Korea Republic, Japan",2002
Mexico,United States,0,,2,,36380,"Jeonju World Cup Stadium, Jeonju",Round of 16,17-06-2002,0–2,"Korea Republic, Japan",2002
Brazil,Belgium,2,,0,,40440,"NOEVIR Stadium Kobe, Kobe",Round of 16,17-06-2002,2–0,"Korea Republic, Japan",2002
Sweden,Senegal,1,,2,,39747,"Ōita Bank Dome, Ōita",Round of 16,16-06-2002,1–2,"Korea Republic, Japan",2002
Spain,Republic of Ireland,1,,1,,38926,"Suwon World Cup Stadium, Suwon",Round of 16,16-06-2002,(3) 1–1 (2),"Korea Republic, Japan",2002
Germany,Paraguay,1,,0,,25176,"Jeju World Cup Stadium, Jeju",Round of 16,15-06-2002,1–0,"Korea Republic, Japan",2002
Denmark,England,0,,3,,40582,"Denka Big Swan Stadium, Niigata",Round of 16,15-06-2002,0–3,"Korea Republic, Japan",2002
Tunisia,Japan,0,,2,,45213,"Yanmar Stadium Nagai, Osaka",Group stage,14-06-2002,0–2,"Korea Republic, Japan",2002
Belgium,Russia,3,,2,,46640,"Shizuoka Stadium Ecopa, Fukuroi",Group stage,14-06-2002,3–2,"Korea Republic, Japan",2002
Portugal,Korea Republic,0,,1,,50239,"Incheon Munhak Stadium, Incheon",Group stage,14-06-2002,0–1,"Korea Republic, Japan",2002
Poland,United States,3,,1,,26482,"Daejeon World Cup Stadium, Daejeon",Group stage,14-06-2002,3–1,"Korea Republic, Japan",2002
Costa Rica,Brazil,2,,5,,38524,"Suwon World Cup Stadium, Suwon",Group stage,13-06-2002,2–5,"Korea Republic, Japan",2002
Türkiye,China PR,3,,0,,43605,"Seoul World Cup Stadium, Seoul",Group stage,13-06-2002,3–0,"Korea Republic, Japan",2002
Mexico,Italy,1,,1,,39291,"Ōita Bank Dome, Ōita",Group stage,13-06-2002,1–1,"Korea Republic, Japan",2002
Ecuador,Croatia,1,,0,,65862,"Nissan Stadium, Yokohama",Group stage,13-06-2002,1–0,"Korea Republic, Japan",2002
Sweden,Argentina,1,,1,,45777,"Miyagi Stadium, Rifu",Group stage,12-06-2002,1–1,"Korea Republic, Japan",2002
Nigeria,England,0,,0,,44864,"Yanmar Stadium Nagai, Osaka",Group stage,12-06-2002,0–0,"Korea Republic, Japan",2002
South Africa,Spain,2,,3,,31024,"Daejeon World Cup Stadium, Daejeon",Group stage,12-06-2002,2–3,"Korea Republic, Japan",2002
Slovenia,Paraguay,1,,3,,30176,"Jeju World Cup Stadium, Jeju",Group stage,12-06-2002,1–3,"Korea Republic, Japan",2002
Denmark,France,2,,0,,48100,"Incheon Munhak Stadium, Incheon",Group stage,11-06-2002,2–0,"Korea Republic, Japan",2002
Senegal,Uruguay,3,,3,,33681,"Suwon World Cup Stadium, Suwon",Group stage,11-06-2002,3–3,"Korea Republic, Japan",2002
Saudi Arabia,Republic of Ireland,0,,3,,65320,"Nissan Stadium, Yokohama",Group stage,11-06-2002,0–3,"Korea Republic, Japan",2002
Cameroon,Germany,0,,2,,47085,"Shizuoka Stadium Ecopa, Fukuroi",Group stage,11-06-2002,0–2,"Korea Republic, Japan",2002
Korea Republic,United States,1,,1,,60778,"Daegu Main Stadium, Daegu",Group stage,10-06-2002,1–1,"Korea Republic, Japan",2002
Tunisia,Belgium,1,,1,,39700,"Ōita Bank Dome, Ōita",Group stage,10-06-2002,1–1,"Korea Republic, Japan",2002
Portugal,Poland,4,,0,,31000,"Jeonju World Cup Stadium, Jeonju",Group stage,10-06-2002,4–0,"Korea Republic, Japan",2002
Mexico,Ecuador,2,,1,,45610,"Sapporo Dome, Sapporo",Group stage,09-06-2002,2–1,"Korea Republic, Japan",2002
Costa Rica,Türkiye,1,,1,,42299,"Incheon Munhak Stadium, Incheon",Group stage,09-06-2002,1–1,"Korea Republic, Japan",2002
Japan,Russia,1,,0,,66108,"Nissan Stadium, Yokohama",Group stage,09-06-2002,1–0,"Korea Republic, Japan",2002
South Africa,Slovenia,1,,0,,47226,"Daegu Main Stadium, Daegu",Group stage,08-06-2002,1–0,"Korea Republic, Japan",2002
Italy,Croatia,1,,2,,36472,"Kashima Soccer Stadium, Kashima",Group stage,08-06-2002,1–2,"Korea Republic, Japan",2002
Brazil,China PR,4,,0,,36750,"Jeju World Cup Stadium, Jeju",Group stage,08-06-2002,4–0,"Korea Republic, Japan",2002
Sweden,Nigeria,2,,1,,36194,"NOEVIR Stadium Kobe, Kobe",Group stage,07-06-2002,2–1,"Korea Republic, Japan",2002
Spain,Paraguay,3,,1,,24000,"Jeonju World Cup Stadium, Jeonju",Group stage,07-06-2002,3–1,"Korea Republic, Japan",2002
Argentina,England,0,,1,,35927,"Sapporo Dome, Sapporo",Group stage,07-06-2002,0–1,"Korea Republic, Japan",2002
Denmark,Senegal,1,,1,,43500,"Daegu Main Stadium, Daegu",Group stage,06-06-2002,1–1,"Korea Republic, Japan",2002
Cameroon,Saudi Arabia,1,,0,,52328,"Saitama Stadium 2002, Saitama",Group stage,06-06-2002,1–0,"Korea Republic, Japan",2002
France,Uruguay,0,,0,,38070,"Busan Sport Complex Asiad Stadium, Busan",Group stage,06-06-2002,0–0,"Korea Republic, Japan",2002
Russia,Tunisia,2,,0,,30957,"NOEVIR Stadium Kobe, Kobe",Group stage,05-06-2002,2–0,"Korea Republic, Japan",2002
United States,Portugal,3,,2,,37306,"Suwon World Cup Stadium, Suwon",Group stage,05-06-2002,3–2,"Korea Republic, Japan",2002
Germany,Republic of Ireland,1,,1,,35854,"Kashima Soccer Stadium, Kashima",Group stage,05-06-2002,1–1,"Korea Republic, Japan",2002
China PR,Costa Rica,0,,2,,27217,"Guus Hiddink Stadium, Gwangju",Group stage,04-06-2002,0–2,"Korea Republic, Japan",2002
Japan,Belgium,2,,2,,55256,"Saitama Stadium 2002, Saitama",Group stage,04-06-2002,2–2,"Korea Republic, Japan",2002
Korea Republic,Poland,2,,0,,48760,"Busan Sport Complex Asiad Stadium, Busan",Group stage,04-06-2002,2–0,"Korea Republic, Japan",2002
Croatia,Mexico,0,,1,,32239,"Denka Big Swan Stadium, Niigata",Group stage,03-06-2002,0–1,"Korea Republic, Japan",2002
Brazil,Türkiye,2,,1,,33842,"Munsu Cup Stadium, Ulsan",Group stage,03-06-2002,2–1,"Korea Republic, Japan",2002
Italy,Ecuador,2,,0,,31081,"Sapporo Dome, Sapporo",Group stage,03-06-2002,2–0,"Korea Republic, Japan",2002
Argentina,Nigeria,1,,0,,34050,"Kashima Soccer Stadium, Kashima",Group stage,02-06-2002,1–0,"Korea Republic, Japan",2002
Paraguay,South Africa,2,,2,,25186,"Busan Sport Complex Asiad Stadium, Busan",Group stage,02-06-2002,2–2,"Korea Republic, Japan",2002
England,Sweden,1,,1,,52721,"Saitama Stadium 2002, Saitama",Group stage,02-06-2002,1–1,"Korea Republic, Japan",2002
Spain,Slovenia,3,,1,,28588,"Guus Hiddink Stadium, Gwangju",Group stage,02-06-2002,3–1,"Korea Republic, Japan",2002
Republic of Ireland,Cameroon,1,,1,,33679,"Denka Big Swan Stadium, Niigata",Group stage,01-06-2002,1–1,"Korea Republic, Japan",2002
Uruguay,Denmark,1,,2,,30157,"Munsu Cup Stadium, Ulsan",Group stage,01-06-2002,1–2,"Korea Republic, Japan",2002
Germany,Saudi Arabia,8,,0,,32218,"Sapporo Dome, Sapporo",Group stage,01-06-2002,8–0,"Korea Republic, Japan",2002
France,Senegal,0,,1,,62561,"Seoul World Cup Stadium, Seoul",Group stage,31-05-2002,0–1,"Korea Republic, Japan",2002
Brazil,France,0,,3,,80000,"Stade de France, Paris",Final,12-07-1998,0–3,France,1998
Netherlands,Croatia,1,,2,,44000,"Parc des Princes, Paris",Third-place match,11-07-1998,1–2,France,1998
France,Croatia,2,,1,,80000,"Stade de France, Paris",Semi-finals,08-07-1998,2–1,France,1998
Brazil,Netherlands,1,,1,,60000,"Orange Vélodrome, Marseille",Semi-finals,07-07-1998,(4) 1–1 (2),France,1998
Netherlands,Argentina,2,,1,,60000,"Orange Vélodrome, Marseille",Quarter-finals,04-07-1998,2–1,France,1998
Germany,Croatia,0,,3,,43300,"Matmut Stadium de Gerland, Lyon",Quarter-finals,04-07-1998,0–3,France,1998
Italy,France,0,,0,,80000,"Stade de France, Paris",Quarter-finals,03-07-1998,(3) 0–0 (4),France,1998
Brazil,Denmark,3,,2,,49500,"Stade de la Beaujoire - Louis Fonteneau, Nantes",Quarter-finals,03-07-1998,3–2,France,1998
Romania,Croatia,0,,1,,31800,"Stade Jacques Chaban-Delmas, Bordeaux",Round of 16,30-06-1998,0–1,France,1998
Argentina,England,2,,2,,30600,"Stade Geoffroy-Guichard, Saint-Étienne",Round of 16,30-06-1998,(4) 2–2 (3),France,1998
Germany,Mexico,2,,1,,29800,"Stade de la Mosson, Montpellier",Round of 16,29-06-1998,2–1,France,1998
Netherlands,FR Yugoslavia,2,,1,,33000,"Stadium Municipal, Toulouse",Round of 16,29-06-1998,2–1,France,1998
France,Paraguay,1,,0,,31800,"Stade Bollaert-Delelis, Lens",Round of 16,28-06-1998,1–0,France,1998
Nigeria,Denmark,1,,4,,77000,"Stade de France, Paris",Round of 16,28-06-1998,1–4,France,1998
Italy,Norway,1,,0,,55000,"Orange Vélodrome, Marseille",Round of 16,27-06-1998,1–0,France,1998
Brazil,Chile,4,,1,,45500,"Parc des Princes, Paris",Round of 16,27-06-1998,4–1,France,1998
Argentina,Croatia,1,,0,,31800,"Stade Jacques Chaban-Delmas, Bordeaux",Group stage,26-06-1998,1–0,France,1998
Japan,Jamaica,1,,2,,39100,"Matmut Stadium de Gerland, Lyon",Group stage,26-06-1998,1–2,France,1998
Romania,Tunisia,1,,1,,80000,"Stade de France, Paris",Group stage,26-06-1998,1–1,France,1998
Colombia,England,0,,2,,42000,"Stade Bollaert-Delelis, Lens",Group stage,26-06-1998,0–2,France,1998
Netherlands,Mexico,2,,2,,30600,"Stade Geoffroy-Guichard, Saint-Étienne",Group stage,25-06-1998,2–2,France,1998
Belgium,Korea Republic,1,,1,,45500,"Parc des Princes, Paris",Group stage,25-06-1998,1–1,France,1998
United States,FR Yugoslavia,0,,1,,38500,"Stade de la Beaujoire - Louis Fonteneau, Nantes",Group stage,25-06-1998,0–1,France,1998
Germany,IR Iran,2,,0,,35500,"Stade de la Mosson, Montpellier",Group stage,25-06-1998,2–0,France,1998
South Africa,Saudi Arabia,2,,2,,31800,"Stade Jacques Chaban-Delmas, Bordeaux",Group stage,24-06-1998,2–2,France,1998
France,Denmark,2,,1,,39100,"Matmut Stadium de Gerland, Lyon",Group stage,24-06-1998,2–1,France,1998
Spain,Bulgaria,6,,1,,41275,"Stade Bollaert-Delelis, Lens",Group stage,24-06-1998,6–1,France,1998
Nigeria,Paraguay,1,,3,,33400,"Stadium Municipal, Toulouse",Group stage,24-06-1998,1–3,France,1998
Italy,Austria,2,,1,,80000,"Stade de France, Paris",Group stage,23-06-1998,2–1,France,1998
Chile,Cameroon,1,,1,,39500,"Stade de la Beaujoire - Louis Fonteneau, Nantes",Group stage,23-06-1998,1–1,France,1998
Brazil,Norway,1,,2,,57000,"Orange Vélodrome, Marseille",Group stage,23-06-1998,1–2,France,1998
Scotland,Morocco,0,,3,,36000,"Stade Geoffroy-Guichard, Saint-Étienne",Group stage,23-06-1998,0–3,France,1998
Colombia,Tunisia,1,,0,,35500,"Stade de la Mosson, Montpellier",Group stage,22-06-1998,1–0,France,1998
Romania,England,2,,1,,33140,"Stadium Municipal, Toulouse",Group stage,22-06-1998,2–1,France,1998
Germany,FR Yugoslavia,2,,2,,41275,"Stade Bollaert-Delelis, Lens",Group stage,21-06-1998,2–2,France,1998
Argentina,Jamaica,5,,0,,45500,"Parc des Princes, Paris",Group stage,21-06-1998,5–0,France,1998
United States,IR Iran,1,,2,,43300,"Matmut Stadium de Gerland, Lyon",Group stage,21-06-1998,1–2,France,1998
Japan,Croatia,0,,1,,35500,"Stade de la Beaujoire - Louis Fonteneau, Nantes",Group stage,20-06-1998,0–1,France,1998
Belgium,Mexico,2,,2,,31800,"Stade Jacques Chaban-Delmas, Bordeaux",Group stage,20-06-1998,2–2,France,1998
Netherlands,Korea Republic,5,,0,,55000,"Orange Vélodrome, Marseille",Group stage,20-06-1998,5–0,France,1998
Nigeria,Bulgaria,1,,0,,48000,"Parc des Princes, Paris",Group stage,19-06-1998,1–0,France,1998
Spain,Paraguay,0,,0,,36000,"Stade Geoffroy-Guichard, Saint-Étienne",Group stage,19-06-1998,0–0,France,1998
South Africa,Denmark,1,,1,,33500,"Stadium Municipal, Toulouse",Group stage,18-06-1998,1–1,France,1998
France,Saudi Arabia,4,,0,,80000,"Stade de France, Paris",Group stage,18-06-1998,4–0,France,1998
Chile,Austria,1,,1,,36000,"Stade Geoffroy-Guichard, Saint-Étienne",Group stage,17-06-1998,1–1,France,1998
Italy,Cameroon,3,,0,,35500,"Stade de la Mosson, Montpellier",Group stage,17-06-1998,3–0,France,1998
Scotland,Norway,1,,1,,31800,"Stade Jacques Chaban-Delmas, Bordeaux",Group stage,16-06-1998,1–1,France,1998
Brazil,Morocco,3,,0,,38500,"Stade de la Beaujoire - Louis Fonteneau, Nantes",Group stage,16-06-1998,3–0,France,1998
England,Tunisia,2,,0,,54587,"Orange Vélodrome, Marseille",Group stage,15-06-1998,2–0,France,1998
Romania,Colombia,1,,0,,43300,"Matmut Stadium de Gerland, Lyon",Group stage,15-06-1998,1–0,France,1998
Germany,United States,2,,0,,49000,"Parc des Princes, Paris",Group stage,15-06-1998,2–0,France,1998
Argentina,Japan,1,,0,,33500,"Stadium Municipal, Toulouse",Group stage,14-06-1998,1–0,France,1998
FR Yugoslavia,IR Iran,1,,0,,36000,"Stade Geoffroy-Guichard, Saint-Étienne",Group stage,14-06-1998,1–0,France,1998
Jamaica,Croatia,1,,3,,38100,"Stade Bollaert-Delelis, Lens",Group stage,14-06-1998,1–3,France,1998
Spain,Nigeria,2,,3,,38000,"Stade de la Beaujoire - Louis Fonteneau, Nantes",Group stage,13-06-1998,2–3,France,1998
Korea Republic,Mexico,1,,3,,39100,"Matmut Stadium de Gerland, Lyon",Group stage,13-06-1998,1–3,France,1998
Netherlands,Belgium,0,,0,,77000,"Stade de France, Paris",Group stage,13-06-1998,0–0,France,1998
Paraguay,Bulgaria,0,,0,,27650,"Stade de la Mosson, Montpellier",Group stage,12-06-1998,0–0,France,1998
Saudi Arabia,Denmark,0,,1,,38100,"Stade Bollaert-Delelis, Lens",Group stage,12-06-1998,0–1,France,1998
France,South Africa,3,,0,,55000,"Orange Vélodrome, Marseille",Group stage,12-06-1998,3–0,France,1998
Italy,Chile,2,,2,,35200,"Stade Jacques Chaban-Delmas, Bordeaux",Group stage,11-06-1998,2–2,France,1998
Cameroon,Austria,1,,1,,36500,"Stadium Municipal, Toulouse",Group stage,11-06-1998,1–1,France,1998
Brazil,Scotland,2,,1,,80000,"Stade de France, Paris",Group stage,10-06-1998,2–1,France,1998
Morocco,Norway,2,,2,,29750,"Stade de la Mosson, Montpellier",Group stage,10-06-1998,2–2,France,1998
Brazil,Italy,0,,0,,94194,"Rose Bowl, Los Angeles",Final,17-07-1994,(3) 0–0 (2),United States,1994
Sweden,Bulgaria,4,,0,,91500,"Rose Bowl, Los Angeles",Third-place match,16-07-1994,4–0,United States,1994
Bulgaria,Italy,1,,2,,74110,"Giants Stadium, New York/New Jersey",Semi-finals,13-07-1994,1–2,United States,1994
Sweden,Brazil,0,,1,,91856,"Rose Bowl, Los Angeles",Semi-finals,13-07-1994,0–1,United States,1994
Bulgaria,Germany,2,,1,,72000,"Giants Stadium, New York/New Jersey",Quarter-finals,10-07-1994,2–1,United States,1994
Romania,Sweden,2,,2,,83500,"Stanford Stadium, San Francisco",Quarter-finals,10-07-1994,(4) 2–2 (5),United States,1994
Italy,Spain,2,,1,,53400,"Foxboro Stadium, Boston",Quarter-finals,09-07-1994,2–1,United States,1994
Netherlands,Brazil,2,,3,,63500,"Cotton Bowl, Dallas",Quarter-finals,09-07-1994,2–3,United States,1994
Nigeria,Italy,1,,2,,54367,"Foxboro Stadium, Boston",Round of 16,05-07-1994,1–2,United States,1994
Mexico,Bulgaria,1,,1,,71030,"Giants Stadium, New York/New Jersey",Round of 16,05-07-1994,(1) 1–1 (3),United States,1994
Netherlands,Republic of Ireland,2,,0,,61355,"Citrus Bowl, Orlando",Round of 16,04-07-1994,2–0,United States,1994
Brazil,United States,1,,0,,84147,"Stanford Stadium, San Francisco",Round of 16,04-07-1994,1–0,United States,1994
Saudi Arabia,Sweden,1,,3,,60277,"Cotton Bowl, Dallas",Round of 16,03-07-1994,1–3,United States,1994
Romania,Argentina,3,,2,,90469,"Rose Bowl, Los Angeles",Round of 16,03-07-1994,3–2,United States,1994
Germany,Belgium,3,,2,,60246,"Soldier Field, Chicago",Round of 16,02-07-1994,3–2,United States,1994
Spain,Switzerland,3,,0,,53121,"RFK Stadium, Washington Dc",Round of 16,02-07-1994,3–0,United States,1994
Greece,Nigeria,0,,2,,53001,"Foxboro Stadium, Boston",Group stage,30-06-1994,0–2,United States,1994
Argentina,Bulgaria,0,,2,,63998,"Cotton Bowl, Dallas",Group stage,30-06-1994,0–2,United States,1994
Morocco,Netherlands,1,,2,,60578,"Citrus Bowl, Orlando",Group stage,29-06-1994,1–2,United States,1994
Belgium,Saudi Arabia,0,,1,,52959,"RFK Stadium, Washington Dc",Group stage,29-06-1994,0–1,United States,1994
Italy,Mexico,1,,1,,52535,"RFK Stadium, Washington Dc",Group stage,28-06-1994,1–1,United States,1994
Republic of Ireland,Norway,0,,0,,72404,"Giants Stadium, New York/New Jersey",Group stage,28-06-1994,0–0,United States,1994
Russia,Cameroon,6,,1,,74914,"Stanford Stadium, San Francisco",Group stage,28-06-1994,6–1,United States,1994
Brazil,Sweden,1,,1,,77217,"Pontiac Silverdome, Detroit",Group stage,28-06-1994,1–1,United States,1994
Germany,Korea Republic,3,,2,,63998,"Cotton Bowl, Dallas",Group stage,27-06-1994,3–2,United States,1994
Bolivia,Spain,1,,3,,63089,"Soldier Field, Chicago",Group stage,27-06-1994,1–3,United States,1994
Bulgaria,Greece,4,,0,,63160,"Soldier Field, Chicago",Group stage,26-06-1994,4–0,United States,1994
United States,Romania,0,,1,,93869,"Rose Bowl, Los Angeles",Group stage,26-06-1994,0–1,United States,1994
Switzerland,Colombia,0,,2,,83401,"Stanford Stadium, San Francisco",Group stage,26-06-1994,0–2,United States,1994
Belgium,Netherlands,1,,0,,62387,"Citrus Bowl, Orlando",Group stage,25-06-1994,1–0,United States,1994
Saudi Arabia,Morocco,2,,1,,76322,"Giants Stadium, New York/New Jersey",Group stage,25-06-1994,2–1,United States,1994
Argentina,Nigeria,2,,1,,54453,"Foxboro Stadium, Boston",Group stage,25-06-1994,2–1,United States,1994
Mexico,Republic of Ireland,2,,1,,60790,"Citrus Bowl, Orlando",Group stage,24-06-1994,2–1,United States,1994
Brazil,Cameroon,3,,0,,83401,"Stanford Stadium, San Francisco",Group stage,24-06-1994,3–0,United States,1994
Sweden,Russia,3,,1,,71528,"Pontiac Silverdome, Detroit",Group stage,24-06-1994,3–1,United States,1994
Italy,Norway,1,,0,,74624,"Giants Stadium, New York/New Jersey",Group stage,23-06-1994,1–0,United States,1994
Korea Republic,Bolivia,0,,0,,54453,"Foxboro Stadium, Boston",Group stage,23-06-1994,0–0,United States,1994
Romania,Switzerland,1,,4,,61428,"Pontiac Silverdome, Detroit",Group stage,22-06-1994,1–4,United States,1994
United States,Colombia,2,,1,,93869,"Rose Bowl, Los Angeles",Group stage,22-06-1994,2–1,United States,1994
Argentina,Greece,4,,0,,54456,"Foxboro Stadium, Boston",Group stage,21-06-1994,4–0,United States,1994
Germany,Spain,1,,1,,63113,"Soldier Field, Chicago",Group stage,21-06-1994,1–1,United States,1994
Nigeria,Bulgaria,3,,0,,44132,"Cotton Bowl, Dallas",Group stage,21-06-1994,3–0,United States,1994
Brazil,Russia,2,,0,,81061,"Stanford Stadium, San Francisco",Group stage,20-06-1994,2–0,United States,1994
Netherlands,Saudi Arabia,2,,1,,50535,"RFK Stadium, Washington Dc",Group stage,20-06-1994,2–1,United States,1994
Belgium,Morocco,1,,0,,61219,"Citrus Bowl, Orlando",Group stage,19-06-1994,1–0,United States,1994
Norway,Mexico,1,,0,,52395,"RFK Stadium, Washington Dc",Group stage,19-06-1994,1–0,United States,1994
Cameroon,Sweden,2,,2,,93194,"Rose Bowl, Los Angeles",Group stage,19-06-1994,2–2,United States,1994
United States,Switzerland,1,,1,,73425,"Pontiac Silverdome, Detroit",Group stage,18-06-1994,1–1,United States,1994
Italy,Republic of Ireland,0,,1,,75338,"Giants Stadium, New York/New Jersey",Group stage,18-06-1994,0–1,United States,1994
Colombia,Romania,1,,3,,91856,"Rose Bowl, Los Angeles",Group stage,18-06-1994,1–3,United States,1994
Germany,Bolivia,1,,0,,63117,"Soldier Field, Chicago",Group stage,17-06-1994,1–0,United States,1994
Spain,Korea Republic,2,,2,,56247,"Cotton Bowl, Dallas",Group stage,17-06-1994,2–2,United States,1994
West Germany,Argentina,1,,0,,73603,"Stadio Olimpico, Rome",Final,08-07-1990,1–0,Italy,1990
Italy,England,2,,1,,51426,"Stadio San Nicola, Bari",Third-place match,07-07-1990,2–1,Italy,1990
West Germany,England,1,,1,,62628,"Stadio delle Alpi, Turin",Semi-finals,04-07-1990,(4) 1–1 (3),Italy,1990
Italy,Argentina,1,,1,,59978,"San Paolo, Naples",Semi-finals,03-07-1990,(3) 1–1 (4),Italy,1990
West Germany,Czechoslovakia,1,,0,,73347,"Giuseppe Meazza, Milan",Quarter-finals,01-07-1990,1–0,Italy,1990
England,Cameroon,3,,2,,55205,"San Paolo, Naples",Quarter-finals,01-07-1990,3–2,Italy,1990
Yugoslavia,Argentina,0,,0,,38971,"Comunale, Florence",Quarter-finals,30-06-1990,(2) 0–0 (3),Italy,1990
Italy,Republic of Ireland,1,,0,,73303,"Stadio Olimpico, Rome",Quarter-finals,30-06-1990,1–0,Italy,1990
Spain,Yugoslavia,1,,2,,35500,"Marc Antonio Bentegodi, Verona",Round of 16,26-06-1990,1–2,Italy,1990
England,Belgium,1,,0,,34520,"Renato Dall Ara, Bologna",Round of 16,26-06-1990,1–0,Italy,1990
Republic of Ireland,Romania,0,,0,,31818,"Luigi Ferraris, Genoa",Round of 16,25-06-1990,(5) 0–0 (4),Italy,1990
Italy,Uruguay,2,,0,,73303,"Stadio Olimpico, Rome",Round of 16,25-06-1990,2–0,Italy,1990
Brazil,Argentina,0,,1,,61381,"Stadio delle Alpi, Turin",Round of 16,24-06-1990,0–1,Italy,1990
West Germany,Netherlands,2,,1,,74559,"Giuseppe Meazza, Milan",Round of 16,24-06-1990,2–1,Italy,1990
Cameroon,Colombia,2,,1,,50026,"San Paolo, Naples",Round of 16,23-06-1990,2–1,Italy,1990
Czechoslovakia,Costa Rica,4,,1,,47673,"Stadio San Nicola, Bari",Round of 16,23-06-1990,4–1,Italy,1990
Belgium,Spain,1,,2,,35950,"Marc Antonio Bentegodi, Verona",Group stage,21-06-1990,1–2,Italy,1990
Korea Republic,Uruguay,0,,1,,29039,"Friuli, Udine",Group stage,21-06-1990,0–1,Italy,1990
Republic of Ireland,Netherlands,1,,1,,33288,"Della Favorita, Palermo",Group stage,21-06-1990,1–1,Italy,1990
England,Egypt,1,,0,,34959,"Sant Elia, Cagliari",Group stage,21-06-1990,1–0,Italy,1990
Sweden,Costa Rica,1,,2,,30223,"Luigi Ferraris, Genoa",Group stage,20-06-1990,1–2,Italy,1990
Brazil,Scotland,1,,0,,62502,"Stadio delle Alpi, Turin",Group stage,20-06-1990,1–0,Italy,1990
West Germany,Colombia,1,,1,,72510,"Giuseppe Meazza, Milan",Group stage,19-06-1990,1–1,Italy,1990
Yugoslavia,United Arab Emirates,4,,1,,27833,"Renato Dall Ara, Bologna",Group stage,19-06-1990,4–1,Italy,1990
Austria,United States,2,,1,,34857,"Comunale, Florence",Group stage,19-06-1990,2–1,Italy,1990
Italy,Czechoslovakia,2,,0,,73303,"Stadio Olimpico, Rome",Group stage,19-06-1990,2–0,Italy,1990
Argentina,Romania,1,,1,,52733,"San Paolo, Naples",Group stage,18-06-1990,1–1,Italy,1990
Cameroon,Soviet Union,0,,4,,37307,"Stadio San Nicola, Bari",Group stage,18-06-1990,0–4,Italy,1990
Republic of Ireland,Egypt,0,,0,,33288,"Della Favorita, Palermo",Group stage,17-06-1990,0–0,Italy,1990
Belgium,Uruguay,3,,1,,33759,"Marc Antonio Bentegodi, Verona",Group stage,17-06-1990,3–1,Italy,1990
Korea Republic,Spain,1,,3,,32733,"Dacia Arena, Udine",Group stage,17-06-1990,1–3,Italy,1990
Brazil,Costa Rica,1,,0,,58007,"Stadio delle Alpi, Turin",Group stage,16-06-1990,1–0,Italy,1990
England,Netherlands,0,,0,,35267,"Sant Elia, Cagliari",Group stage,16-06-1990,0–0,Italy,1990
Sweden,Scotland,1,,2,,31823,"Luigi Ferraris, Genoa",Group stage,16-06-1990,1–2,Italy,1990
Austria,Czechoslovakia,0,,1,,38962,"Comunale, Florence",Group stage,15-06-1990,0–1,Italy,1990
West Germany,United Arab Emirates,5,,1,,71169,"Giuseppe Meazza, Milan",Group stage,15-06-1990,5–1,Italy,1990
Yugoslavia,Colombia,1,,0,,32257,"Renato Dall Ara, Bologna",Group stage,14-06-1990,1–0,Italy,1990
Cameroon,Romania,2,,1,,38687,"Stadio San Nicola, Bari",Group stage,14-06-1990,2–1,Italy,1990
Italy,United States,1,,0,,73423,"Stadio Olimpico, Rome",Group stage,14-06-1990,1–0,Italy,1990
Uruguay,Spain,0,,0,,35713,"Dacia Arena, Udine",Group stage,13-06-1990,0–0,Italy,1990
Argentina,Soviet Union,2,,0,,55759,"San Paolo, Naples",Group stage,13-06-1990,2–0,Italy,1990
Belgium,Korea Republic,2,,0,,32790,"Marc Antonio Bentegodi, Verona",Group stage,12-06-1990,2–0,Italy,1990
Netherlands,Egypt,1,,1,,33288,"Della Favorita, Palermo",Group stage,12-06-1990,1–1,Italy,1990
Costa Rica,Scotland,1,,0,,30867,"Luigi Ferraris, Genoa",Group stage,11-06-1990,1–0,Italy,1990
England,Republic of Ireland,1,,1,,35238,"Sant Elia, Cagliari",Group stage,11-06-1990,1–1,Italy,1990
United States,Czechoslovakia,1,,5,,33266,"Comunale, Florence",Group stage,10-06-1990,1–5,Italy,1990
West Germany,Yugoslavia,4,,1,,74765,"Giuseppe Meazza, Milan",Group stage,10-06-1990,4–1,Italy,1990
Brazil,Sweden,2,,1,,62628,"Stadio delle Alpi, Turin",Group stage,10-06-1990,2–1,Italy,1990
United Arab Emirates,Colombia,0,,2,,30791,"Renato Dall Ara, Bologna",Group stage,09-06-1990,0–2,Italy,1990
Soviet Union,Romania,0,,2,,42907,"Stadio San Nicola, Bari",Group stage,09-06-1990,0–2,Italy,1990
Italy,Austria,1,,0,,73303,"Stadio Olimpico, Rome",Group stage,09-06-1990,1–0,Italy,1990
Argentina,Cameroon,0,,1,,73780,"Giuseppe Meazza, Milan",Group stage,08-06-1990,0–1,Italy,1990
Argentina,West Germany,3,,2,,114600,"Estadio Azteca, Mexico City",Final,29-06-1986,3–2,Mexico,1986
France,Belgium,4,,2,,21000,"Cuauhtemoc, Puebla",Third-place match,28-06-1986,4–2,Mexico,1986
France,West Germany,0,,2,,45000,"Jalisco, Guadalajara",Semi-finals,25-06-1986,0–2,Mexico,1986
Argentina,Belgium,2,,0,,114500,"Estadio Azteca, Mexico City",Semi-finals,25-06-1986,2–0,Mexico,1986
Argentina,England,2,,1,,114580,"Estadio Azteca, Mexico City",Quarter-finals,22-06-1986,2–1,Mexico,1986
Spain,Belgium,1,,1,,45000,"Cuauhtemoc, Puebla",Quarter-finals,22-06-1986,(4) 1–1 (5),Mexico,1986
Brazil,France,1,,1,,65000,"Jalisco, Guadalajara",Quarter-finals,21-06-1986,(3) 1–1 (4),Mexico,1986
West Germany,Mexico,0,,0,,41700,"Estadio Universitario, Monterrey",Quarter-finals,21-06-1986,(4) 0–0 (1),Mexico,1986
England,Paraguay,3,,0,,98728,"Estadio Azteca, Mexico City",Round of 16,18-06-1986,3–0,Mexico,1986
Denmark,Spain,1,,5,,38500,"Estadio Corregidora, Queretaro",Round of 16,18-06-1986,1–5,Mexico,1986
Italy,France,0,,2,,70000,"Estadio Olï¿½mpico Universitario, Mexico City",Round of 16,17-06-1986,0–2,Mexico,1986
Morocco,West Germany,0,,1,,19800,"Estadio Universitario, Monterrey",Round of 16,17-06-1986,0–1,Mexico,1986
Brazil,Poland,4,,0,,45000,"Jalisco, Guadalajara",Round of 16,16-06-1986,4–0,Mexico,1986
Argentina,Uruguay,1,,0,,26000,"Cuauhtemoc, Puebla",Round of 16,16-06-1986,1–0,Mexico,1986
Mexico,Bulgaria,2,,0,,114580,"Estadio Azteca, Mexico City",Round of 16,15-06-1986,2–0,Mexico,1986
Soviet Union,Belgium,3,,4,,32277,"Nou Camp - Estadio Leï¿½n, Leon",Round of 16,15-06-1986,3–4,Mexico,1986
Scotland,Uruguay,0,,0,,20000,"Neza, Nezahualcoyotl",Group stage,13-06-1986,0–0,Mexico,1986
Denmark,West Germany,2,,0,,36000,"Estadio Corregidora, Queretaro",Group stage,13-06-1986,2–0,Mexico,1986
Algeria,Spain,0,,3,,23980,"Tecnologico, Monterrey",Group stage,12-06-1986,0–3,Mexico,1986
Northern Ireland,Brazil,0,,3,,51000,"Jalisco, Guadalajara",Group stage,12-06-1986,0–3,Mexico,1986
Paraguay,Belgium,2,,2,,16000,"Bombonera - Estadio Nemesio Diez, Toluca",Group stage,11-06-1986,2–2,Mexico,1986
Iraq,Mexico,0,,1,,103763,"Estadio Azteca, Mexico City",Group stage,11-06-1986,0–1,Mexico,1986
England,Poland,3,,0,,22700,"Tecnologico, Monterrey",Group stage,11-06-1986,3–0,Mexico,1986
Portugal,Morocco,1,,3,,28000,"Tres de Marzo, Guadalajara",Group stage,11-06-1986,1–3,Mexico,1986
Argentina,Bulgaria,2,,0,,65000,"Estadio Olï¿½mpico Universitario, Mexico City",Group stage,10-06-1986,2–0,Mexico,1986
Korea Republic,Italy,2,,3,,20000,"Cuauhtemoc, Puebla",Group stage,10-06-1986,2–3,Mexico,1986
Soviet Union,Canada,2,,0,,14200,"Estadio Irapuato, Irapuato",Group stage,09-06-1986,2–0,Mexico,1986
Hungary,France,0,,3,,31420,"Nou Camp - Estadio Leï¿½n, Leon",Group stage,09-06-1986,0–3,Mexico,1986
West Germany,Scotland,2,,1,,30000,"Estadio Corregidora, Queretaro",Group stage,08-06-1986,2–1,Mexico,1986
Iraq,Belgium,1,,2,,20000,"Bombonera - Estadio Nemesio Diez, Toluca",Group stage,08-06-1986,1–2,Mexico,1986
Denmark,Uruguay,6,,1,,26500,"Neza, Nezahualcoyotl",Group stage,08-06-1986,6–1,Mexico,1986
Mexico,Paraguay,1,,1,,114600,"Estadio Azteca, Mexico City",Group stage,07-06-1986,1–1,Mexico,1986
Northern Ireland,Spain,1,,2,,28000,"Tres de Marzo, Guadalajara",Group stage,07-06-1986,1–2,Mexico,1986
Poland,Portugal,1,,0,,19915,"Estadio Universitario, Monterrey",Group stage,07-06-1986,1–0,Mexico,1986
Brazil,Algeria,1,,0,,48000,"Jalisco, Guadalajara",Group stage,06-06-1986,1–0,Mexico,1986
Hungary,Canada,2,,0,,13800,"Estadio Irapuato, Irapuato",Group stage,06-06-1986,2–0,Mexico,1986
England,Morocco,0,,0,,20200,"Tecnologico, Monterrey",Group stage,06-06-1986,0–0,Mexico,1986
Italy,Argentina,1,,1,,32000,"Cuauhtemoc, Puebla",Group stage,05-06-1986,1–1,Mexico,1986
France,Soviet Union,1,,1,,36540,"Nou Camp - Estadio Leï¿½n, Leon",Group stage,05-06-1986,1–1,Mexico,1986
Korea Republic,Bulgaria,1,,1,,45000,"Estadio Olï¿½mpico Universitario, Mexico City",Group stage,05-06-1986,1–1,Mexico,1986
Paraguay,Iraq,1,,0,,24000,"Bombonera - Estadio Nemesio Diez, Toluca",Group stage,04-06-1986,1–0,Mexico,1986
Uruguay,West Germany,1,,1,,30500,"Estadio Corregidora, Queretaro",Group stage,04-06-1986,1–1,Mexico,1986
Scotland,Denmark,0,,1,,18000,"Neza, Nezahualcoyotl",Group stage,04-06-1986,0–1,Mexico,1986
Belgium,Mexico,1,,2,,110000,"Estadio Azteca, Mexico City",Group stage,03-06-1986,1–2,Mexico,1986
Algeria,Northern Ireland,1,,1,,22000,"Tres de Marzo, Guadalajara",Group stage,03-06-1986,1–1,Mexico,1986
Portugal,England,1,,0,,23000,"Tecnologico, Monterrey",Group stage,03-06-1986,1–0,Mexico,1986
Soviet Union,Hungary,6,,0,,16500,"Estadio Irapuato, Irapuato",Group stage,02-06-1986,6–0,Mexico,1986
Argentina,Korea Republic,3,,1,,60000,"Estadio Olï¿½mpico Universitario, Mexico City",Group stage,02-06-1986,3–1,Mexico,1986
Morocco,Poland,0,,0,,19900,"Estadio Universitario, Monterrey",Group stage,02-06-1986,0–0,Mexico,1986
Spain,Brazil,0,,1,,35748,"Jalisco, Guadalajara",Group stage,01-06-1986,0–1,Mexico,1986
Canada,France,0,,1,,65500,"Nou Camp - Estadio Leï¿½n, Leon",Group stage,01-06-1986,0–1,Mexico,1986
Bulgaria,Italy,1,,1,,96000,"Estadio Azteca, Mexico City",Group stage,31-05-1986,1–1,Mexico,1986
Italy,West Germany,3,,1,,90000,"Santiago Bernabeu, Madrid",Final,11-07-1982,3–1,Spain,1982
Poland,France,3,,2,,28000,"Jose Rico Perez, Alicante",Third-place match,10-07-1982,3–2,Spain,1982
Poland,Italy,0,,2,,50000,"Camp Nou, Barcelona",Semi-finals,08-07-1982,0–2,Spain,1982
West Germany,France,3,,3,,70000,"Ramon Sanchez Pizjuan, Seville",Semi-finals,08-07-1982,(5) 3–3 (4),Spain,1982
Italy,Brazil,3,,2,,44000,"Sarria, Barcelona",Second group stage,05-07-1982,3–2,Spain,1982
Spain,England,0,,0,,75000,"Santiago Bernabeu, Madrid",Second group stage,05-07-1982,0–0,Spain,1982
France,Northern Ireland,4,,1,,37000,"Vicente Calderon, Madrid",Second group stage,04-07-1982,4–1,Spain,1982
Poland,Soviet Union,0,,0,,65000,"Camp Nou, Barcelona",Second group stage,04-07-1982,0–0,Spain,1982
Argentina,Brazil,1,,3,,44000,"Sarria, Barcelona",Second group stage,02-07-1982,1–3,Spain,1982
West Germany,Spain,2,,1,,90089,"Santiago Bernabeu, Madrid",Second group stage,02-07-1982,2–1,Spain,1982
Austria,Northern Ireland,2,,2,,20000,"Vicente Calderon, Madrid",Second group stage,01-07-1982,2–2,Spain,1982
Belgium,Soviet Union,0,,1,,45000,"Camp Nou, Barcelona",Second group stage,01-07-1982,0–1,Spain,1982
Italy,Argentina,2,,1,,43000,"Sarria, Barcelona",Second group stage,29-06-1982,2–1,Spain,1982
West Germany,England,0,,0,,75000,"Santiago Bernabeu, Madrid",Second group stage,29-06-1982,0–0,Spain,1982
Austria,France,0,,1,,37000,"Vicente Calderon, Madrid",Second group stage,28-06-1982,0–1,Spain,1982
Poland,Belgium,3,,0,,65000,"Camp Nou, Barcelona",Second group stage,28-06-1982,3–0,Spain,1982
England,Kuwait,1,,0,,39700,"San Mames, Bilbao",First group stage,25-06-1982,1–0,Spain,1982
West Germany,Austria,1,,0,,41000,"El Molinon, Gijon",First group stage,25-06-1982,1–0,Spain,1982
Northern Ireland,Spain,1,,0,,49562,"Luis Casanova, Valencia",First group stage,25-06-1982,1–0,Spain,1982
France,Czechoslovakia,1,,1,,28000,"Jose Zorrilla, Valladolid",First group stage,24-06-1982,1–1,Spain,1982
Algeria,Chile,3,,2,,16000,"Carlos Tartiere, Oviedo",First group stage,24-06-1982,3–2,Spain,1982
Honduras,Yugoslavia,0,,1,,25000,"La Romareda, Zaragoza",First group stage,24-06-1982,0–1,Spain,1982
Italy,Cameroon,1,,1,,20000,"Estadio Municipal de Balaï¿½dos, Vigo",First group stage,23-06-1982,1–1,Spain,1982
Argentina,El Salvador,2,,0,,32500,"Jose Rico Perez, Alicante",First group stage,23-06-1982,2–0,Spain,1982
Brazil,New Zealand,4,,0,,43000,"Benito Villamarin, Seville",First group stage,23-06-1982,4–0,Spain,1982
Poland,Peru,5,,1,,25000,"Riazor, La Coruï¿½A",First group stage,22-06-1982,5–1,Spain,1982
Belgium,Hungary,1,,1,,37000,"Nuevo Estadio, Elche",First group stage,22-06-1982,1–1,Spain,1982
Soviet Union,Scotland,2,,2,,45000,"La Rosaleda, Malaga",First group stage,22-06-1982,2–2,Spain,1982
Algeria,Austria,0,,2,,22000,"Carlos Tartiere, Oviedo",First group stage,21-06-1982,0–2,Spain,1982
France,Kuwait,4,,1,,30043,"Jose Zorrilla, Valladolid",First group stage,21-06-1982,4–1,Spain,1982
Honduras,Northern Ireland,1,,1,,15000,"La Romareda, Zaragoza",First group stage,21-06-1982,1–1,Spain,1982
West Germany,Chile,4,,1,,42000,"El Molinon, Gijon",First group stage,20-06-1982,4–1,Spain,1982
England,Czechoslovakia,2,,0,,41123,"San Mames, Bilbao",First group stage,20-06-1982,2–0,Spain,1982
Spain,Yugoslavia,2,,1,,48000,"Luis Casanova, Valencia",First group stage,20-06-1982,2–1,Spain,1982
Poland,Cameroon,0,,0,,19000,"Riazor, La Coruï¿½A",First group stage,19-06-1982,0–0,Spain,1982
Soviet Union,New Zealand,3,,0,,19000,"La Rosaleda, Malaga",First group stage,19-06-1982,3–0,Spain,1982
Belgium,El Salvador,1,,0,,15000,"Nuevo Estadio, Elche",First group stage,19-06-1982,1–0,Spain,1982
Italy,Peru,1,,1,,25000,"Estadio Municipal de Balaï¿½dos, Vigo",First group stage,18-06-1982,1–1,Spain,1982
Brazil,Scotland,4,,1,,47379,"Benito Villamarin, Seville",First group stage,18-06-1982,4–1,Spain,1982
Argentina,Hungary,4,,1,,32093,"Jose Rico Perez, Alicante",First group stage,18-06-1982,4–1,Spain,1982
Chile,Austria,0,,1,,22500,"Carlos Tartiere, Oviedo",First group stage,17-06-1982,0–1,Spain,1982
Czechoslovakia,Kuwait,1,,1,,25000,"Jose Zorrilla, Valladolid",First group stage,17-06-1982,1–1,Spain,1982
Yugoslavia,Northern Ireland,0,,0,,25000,"La Romareda, Zaragoza",First group stage,17-06-1982,0–0,Spain,1982
England,France,3,,1,,44172,"San Mames, Bilbao",First group stage,16-06-1982,3–1,Spain,1982
West Germany,Algeria,1,,2,,42000,"El Molinon, Gijon",First group stage,16-06-1982,1–2,Spain,1982
Spain,Honduras,1,,1,,49562,"Luis Casanova, Valencia",First group stage,16-06-1982,1–1,Spain,1982
Peru,Cameroon,0,,0,,11000,"Riazor, La Coruï¿½A",First group stage,15-06-1982,0–0,Spain,1982
Hungary,El Salvador,10,,1,,23000,"Nuevo Estadio, Elche",First group stage,15-06-1982,10–1 ,Spain,1982
Scotland,New Zealand,5,,2,,36000,"La Rosaleda, Malaga",First group stage,15-06-1982,5–2,Spain,1982
Italy,Poland,0,,0,,33000,"Estadio Municipal de Balaï¿½dos, Vigo",First group stage,14-06-1982,0–0,Spain,1982
Brazil,Soviet Union,2,,1,,68000,"Ramon Sanchez Pizjuan, Seville",First group stage,14-06-1982,2–1,Spain,1982
Argentina,Belgium,0,,1,,95000,"Camp Nou, Barcelona",First group stage,13-06-1982,0–1,Spain,1982
Argentina,Netherlands,3,,1,,71483,"El Monumental - Estadio Monumental Antonio Vespuci, Buenos Aires",Final,25-06-1978,3–1,Argentina,1978
Brazil,Italy,2,,1,,69659,"El Monumental - Estadio Monumental Antonio Vespuci, Buenos Aires",Third-place match,24-06-1978,2–1,Argentina,1978
Netherlands,Italy,2,,1,,67433,"El Monumental - Estadio Monumental Antonio Vespuci, Buenos Aires",Second round,21-06-1978,2–1,Argentina,1978
Austria,West Germany,3,,2,,38318,"Estadio Olï¿½mpico Chateau Carreras, Cordoba",Second round,21-06-1978,3–2,Argentina,1978
Brazil,Poland,3,,1,,39586,"San Martin, Mendoza",Second round,21-06-1978,3–1,Argentina,1978
Argentina,Peru,6,,0,,37315,"Arroyito - Estadio Dr. Lisandro de la Torre, Rosario",Second round,21-06-1978,6–0,Argentina,1978
Poland,Peru,1,,0,,35288,"San Martin, Mendoza",Second round,18-06-1978,1–0,Argentina,1978
West Germany,Netherlands,2,,2,,40750,"Estadio Olï¿½mpico Chateau Carreras, Cordoba",Second round,18-06-1978,2–2,Argentina,1978
Italy,Austria,1,,0,,66695,"El Monumental - Estadio Monumental Antonio Vespuci, Buenos Aires",Second round,18-06-1978,1–0,Argentina,1978
Argentina,Brazil,0,,0,,37326,"Arroyito - Estadio Dr. Lisandro de la Torre, Rosario",Second round,18-06-1978,0–0,Argentina,1978
Netherlands,Austria,5,,1,,25050,"Estadio Olï¿½mpico Chateau Carreras, Cordoba",Second round,14-06-1978,5–1,Argentina,1978
West Germany,Italy,0,,0,,67547,"El Monumental - Estadio Monumental Antonio Vespuci, Buenos Aires",Second round,14-06-1978,0–0,Argentina,1978
Brazil,Peru,3,,0,,31278,"San Martin, Mendoza",Second round,14-06-1978,3–0,Argentina,1978
Argentina,Poland,2,,0,,37091,"Arroyito - Estadio Dr. Lisandro de la Torre, Rosario",Second round,14-06-1978,2–0,Argentina,1978
Brazil,Austria,1,,0,,35221,"Estadio Josï¿½ Marï¿½a Minella, Mar Del Plata",First round,11-06-1978,1–0,Argentina,1978
Spain,Sweden,1,,0,,42132,"Jose Amalfitani, Buenos Aires",First round,11-06-1978,1–0,Argentina,1978
Peru,IR Iran,4,,1,,21262,"Estadio Olï¿½mpico Chateau Carreras, Cordoba",First round,11-06-1978,4–1,Argentina,1978
Scotland,Netherlands,3,,2,,35130,"San Martin, Mendoza",First round,11-06-1978,3–2,Argentina,1978
France,Hungary,3,,1,,23127,"Estadio Josï¿½ Marï¿½a Minella, Mar Del Plata",First round,10-06-1978,3–1,Argentina,1978
Poland,Mexico,3,,1,,22651,"Arroyito - Estadio Dr. Lisandro de la Torre, Rosario",First round,10-06-1978,3–1,Argentina,1978
West Germany,Tunisia,0,,0,,30667,"Estadio Olï¿½mpico Chateau Carreras, Cordoba",First round,10-06-1978,0–0,Argentina,1978
Italy,Argentina,1,,0,,71712,"El Monumental - Estadio Monumental Antonio Vespuci, Buenos Aires",First round,10-06-1978,1–0,Argentina,1978
Austria,Sweden,1,,0,,41424,"Jose Amalfitani, Buenos Aires",First round,07-06-1978,1–0,Argentina,1978
Brazil,Spain,0,,0,,34771,"Estadio Josï¿½ Marï¿½a Minella, Mar Del Plata",First round,07-06-1978,0–0,Argentina,1978
Netherlands,Peru,0,,0,,28125,"San Martin, Mendoza",First round,07-06-1978,0–0,Argentina,1978
Scotland,IR Iran,1,,1,,7938,"Estadio Olï¿½mpico Chateau Carreras, Cordoba",First round,07-06-1978,1–1,Argentina,1978
Italy,Hungary,3,,1,,26533,"Estadio Josï¿½ Marï¿½a Minella, Mar Del Plata",First round,06-06-1978,3–1,Argentina,1978
West Germany,Mexico,6,,0,,35258,"Estadio Olï¿½mpico Chateau Carreras, Cordoba",First round,06-06-1978,6–0,Argentina,1978
Poland,Tunisia,1,,0,,9624,"Arroyito - Estadio Dr. Lisandro de la Torre, Rosario",First round,06-06-1978,1–0,Argentina,1978
Argentina,France,2,,1,,71666,"El Monumental - Estadio Monumental Antonio Vespuci, Buenos Aires",First round,06-06-1978,2–1,Argentina,1978
Sweden,Brazil,1,,1,,32569,"Estadio Josï¿½ Marï¿½a Minella, Mar Del Plata",First round,03-06-1978,1–1,Argentina,1978
Austria,Spain,2,,1,,40841,"Jose Amalfitani, Buenos Aires",First round,03-06-1978,2–1,Argentina,1978
Peru,Scotland,3,,1,,37927,"Estadio Olï¿½mpico Chateau Carreras, Cordoba",First round,03-06-1978,3–1,Argentina,1978
Netherlands,IR Iran,3,,0,,33431,"San Martin, Mendoza",First round,03-06-1978,3–0,Argentina,1978
Italy,France,2,,1,,42373,"Estadio Josï¿½ Marï¿½a Minella, Mar Del Plata",First round,02-06-1978,2–1,Argentina,1978
Tunisia,Mexico,3,,1,,17396,"Arroyito - Estadio Dr. Lisandro de la Torre, Rosario",First round,02-06-1978,3–1,Argentina,1978
Argentina,Hungary,2,,1,,71615,"El Monumental - Estadio Monumental Antonio Vespuci, Buenos Aires",First round,02-06-1978,2–1,Argentina,1978
West Germany,Poland,0,,0,,67579,"El Monumental - Estadio Monumental Antonio Vespuci, Buenos Aires",First round,01-06-1978,0–0,Argentina,1978
Netherlands,West Germany,1,,2,,78200,"Olympiastadion, Munich",Final,07-07-1974,1–2,Germany,1974
Brazil,Poland,0,,1,,77100,"Olympiastadion, Munich",Third-place match,06-07-1974,0–1,Germany,1974
Poland,West Germany,0,,1,,62000,"Waldstadion, Frankfurt/Main",Second round,03-07-1974,0–1,Germany,1974
Netherlands,Brazil,2,,0,,53700,"Westfalenstadion, Dortmund",Second round,03-07-1974,2–0,Germany,1974
Argentina,Germany DR,1,,1,,54254,"Parkstadion, Gelsenkirchen",Second round,03-07-1974,1–1,Germany,1974
Sweden,Yugoslavia,2,,1,,41300,"Rheinstadion, Dï¿½Sseldorf",Second round,03-07-1974,2–1,Germany,1974
Poland,Yugoslavia,2,,1,,58000,"Waldstadion, Frankfurt/Main",Second round,30-06-1974,2–1,Germany,1974
Argentina,Brazil,1,,2,,39400,"Niedersachsenstadion, Hanover",Second round,30-06-1974,1–2,Germany,1974
Germany DR,Netherlands,0,,2,,68348,"Parkstadion, Gelsenkirchen",Second round,30-06-1974,0–2,Germany,1974
West Germany,Sweden,4,,2,,67800,"Rheinstadion, Dï¿½Sseldorf",Second round,30-06-1974,4–2,Germany,1974
Yugoslavia,West Germany,0,,2,,67385,"Rheinstadion, Dï¿½Sseldorf",Second round,26-06-1974,0–2,Germany,1974
Brazil,Germany DR,1,,0,,59863,"Niedersachsenstadion, Hanover",Second round,26-06-1974,1–0,Germany,1974
Sweden,Poland,0,,1,,44955,"Neckarstadion, Stuttgart",Second round,26-06-1974,0–1,Germany,1974
Netherlands,Argentina,4,,0,,56548,"Parkstadion, Gelsenkirchen",Second round,26-06-1974,4–0,Germany,1974
Bulgaria,Netherlands,1,,4,,53300,"Westfalenstadion, Dortmund",First round,23-06-1974,1–4,Germany,1974
Poland,Italy,2,,1,,70100,"Neckarstadion, Stuttgart",First round,23-06-1974,2–1,Germany,1974
Sweden,Uruguay,3,,0,,28300,"Rheinstadion, Dï¿½Sseldorf",First round,23-06-1974,3–0,Germany,1974
Argentina,Haiti,4,,1,,25900,"Olympiastadion, Munich",First round,23-06-1974,4–1,Germany,1974
Scotland,Yugoslavia,1,,1,,56000,"Waldstadion, Frankfurt/Main",First round,22-06-1974,1–1,Germany,1974
Australia,Chile,0,,0,,17400,"Olympiastadion, Berlin West",First round,22-06-1974,0–0,Germany,1974
Zaire,Brazil,0,,3,,36200,"Parkstadion, Gelsenkirchen",First round,22-06-1974,0–3,Germany,1974
Germany DR,West Germany,1,,0,,60200,"Volksparkstadion, Hamburg",First round,22-06-1974,1–0,Germany,1974
Haiti,Poland,0,,7,,25300,"Olympiastadion, Munich",First round,19-06-1974,0–7,Germany,1974
Bulgaria,Uruguay,1,,1,,13400,"Niedersachsenstadion, Hanover",First round,19-06-1974,1–1,Germany,1974
Netherlands,Sweden,0,,0,,53700,"Westfalenstadion, Dortmund",First round,19-06-1974,0–0,Germany,1974
Argentina,Italy,1,,1,,70100,"Neckarstadion, Stuttgart",First round,19-06-1974,1–1,Germany,1974
Australia,West Germany,0,,3,,53300,"Volksparkstadion, Hamburg",First round,18-06-1974,0–3,Germany,1974
Yugoslavia,Zaire,9,,0,,31700,"Parkstadion, Gelsenkirchen",First round,18-06-1974,9–0,Germany,1974
Chile,Germany DR,1,,1,,28300,"Olympiastadion, Berlin West",First round,18-06-1974,1–1,Germany,1974
Scotland,Brazil,0,,0,,62000,"Waldstadion, Frankfurt/Main",First round,18-06-1974,0–0,Germany,1974
Uruguay,Netherlands,0,,2,,55100,"Niedersachsenstadion, Hanover",First round,15-06-1974,0–2,Germany,1974
Sweden,Bulgaria,0,,0,,23800,"Rheinstadion, Dï¿½Sseldorf",First round,15-06-1974,0–0,Germany,1974
Italy,Haiti,3,,1,,53000,"Olympiastadion, Munich",First round,15-06-1974,3–1,Germany,1974
Poland,Argentina,3,,2,,32700,"Neckarstadion, Stuttgart",First round,15-06-1974,3–2,Germany,1974
West Germany,Chile,1,,0,,81100,"Olympiastadion, Berlin West",First round,14-06-1974,1–0,Germany,1974
Germany DR,Australia,2,,0,,17000,"Volksparkstadion, Hamburg",First round,14-06-1974,2–0,Germany,1974
Zaire,Scotland,0,,2,,27000,"Westfalenstadion, Dortmund",First round,14-06-1974,0–2,Germany,1974
Brazil,Yugoslavia,0,,0,,62000,"Waldstadion, Frankfurt/Main",First round,13-06-1974,0–0,Germany,1974
Brazil,Italy,4,,1,,107412,"Estadio Azteca, Mexico City",Final,21-06-1970,4–1,Mexico,1970
West Germany,Uruguay,1,,0,,104403,"Estadio Azteca, Mexico City",Third-place match,20-06-1970,1–0,Mexico,1970
Italy,West Germany,4,,3,,102444,"Estadio Azteca, Mexico City",Semi-finals,17-06-1970,4–3,Mexico,1970
Brazil,Uruguay,3,,1,,51261,"Jalisco, Guadalajara",Semi-finals,17-06-1970,3–1,Mexico,1970
Brazil,Peru,4,,2,,54233,"Jalisco, Guadalajara",Quarter-finals,14-06-1970,4–2,Mexico,1970
Italy,Mexico,4,,1,,26851,"Luis Dosal, Toluca",Quarter-finals,14-06-1970,4–1,Mexico,1970
Uruguay,Soviet Union,1,,0,,26085,"Estadio Azteca, Mexico City",Quarter-finals,14-06-1970,1–0,Mexico,1970
West Germany,England,3,,2,,23357,"Nou Camp - Estadio Leï¿½n, Leon",Quarter-finals,14-06-1970,3–2,Mexico,1970
Mexico,Belgium,1,,0,,108192,"Estadio Azteca, Mexico City",Group stage,11-06-1970,1–0,Mexico,1970
Italy,Israel,0,,0,,9890,"Luis Dosal, Toluca",Group stage,11-06-1970,0–0,Mexico,1970
Bulgaria,Morocco,1,,1,,12299,"Nou Camp - Estadio Leï¿½n, Leon",Group stage,11-06-1970,1–1,Mexico,1970
England,Czechoslovakia,1,,0,,49292,"Jalisco, Guadalajara",Group stage,11-06-1970,1–0,Mexico,1970
West Germany,Peru,3,,1,,17875,"Nou Camp - Estadio Leï¿½n, Leon",Group stage,10-06-1970,3–1,Mexico,1970
Brazil,Romania,3,,2,,50804,"Jalisco, Guadalajara",Group stage,10-06-1970,3–2,Mexico,1970
Sweden,Uruguay,1,,0,,18163,"Cuauhtemoc, Puebla",Group stage,10-06-1970,1–0,Mexico,1970
Soviet Union,El Salvador,2,,0,,89979,"Estadio Azteca, Mexico City",Group stage,10-06-1970,2–0,Mexico,1970
Mexico,El Salvador,4,,0,,103058,"Estadio Azteca, Mexico City",Group stage,07-06-1970,4–0,Mexico,1970
Brazil,England,1,,0,,66843,"Jalisco, Guadalajara",Group stage,07-06-1970,1–0,Mexico,1970
West Germany,Bulgaria,5,,2,,12710,"Nou Camp - Estadio Leï¿½n, Leon",Group stage,07-06-1970,5–2,Mexico,1970
Sweden,Israel,1,,1,,9624,"Luis Dosal, Toluca",Group stage,07-06-1970,1–1,Mexico,1970
Romania,Czechoslovakia,2,,1,,56818,"Jalisco, Guadalajara",Group stage,06-06-1970,2–1,Mexico,1970
Uruguay,Italy,0,,0,,29968,"Cuauhtemoc, Puebla",Group stage,06-06-1970,0–0,Mexico,1970
Soviet Union,Belgium,4,,1,,95261,"Estadio Azteca, Mexico City",Group stage,06-06-1970,4–1,Mexico,1970
Peru,Morocco,3,,0,,13537,"Nou Camp - Estadio Leï¿½n, Leon",Group stage,06-06-1970,3–0,Mexico,1970
Belgium,El Salvador,3,,0,,92205,"Estadio Azteca, Mexico City",Group stage,03-06-1970,3–0,Mexico,1970
Brazil,Czechoslovakia,4,,1,,52897,"Jalisco, Guadalajara",Group stage,03-06-1970,4–1,Mexico,1970
Italy,Sweden,1,,0,,13433,"Luis Dosal, Toluca",Group stage,03-06-1970,1–0,Mexico,1970
West Germany,Morocco,2,,1,,12942,"Nou Camp - Estadio Leï¿½n, Leon",Group stage,03-06-1970,2–1,Mexico,1970
England,Romania,1,,0,,50560,"Jalisco, Guadalajara",Group stage,02-06-1970,1–0,Mexico,1970
Peru,Bulgaria,3,,2,,13765,"Nou Camp - Estadio Leï¿½n, Leon",Group stage,02-06-1970,3–2,Mexico,1970
Uruguay,Israel,2,,0,,20654,"Cuauhtemoc, Puebla",Group stage,02-06-1970,2–0,Mexico,1970
Mexico,Soviet Union,0,,0,,107160,"Estadio Azteca, Mexico City",Group stage,31-05-1970,0–0,Mexico,1970
England,West Germany,4,,2,,96924,"Wembley Stadium, London",Final,30-07-1966,4–2,England,1966
Portugal,Soviet Union,2,,1,,87696,"Wembley Stadium, London",Third-place match,28-07-1966,2–1,England,1966
England,Portugal,2,,1,,94493,"Wembley Stadium, London",Semi-finals,26-07-1966,2–1,England,1966
West Germany,Soviet Union,2,,1,,38273,"Goodison Park, Liverpool",Semi-finals,25-07-1966,2–1,England,1966
Portugal,Korea DPR,5,,3,,40248,"Goodison Park, Liverpool",Quarter-finals,23-07-1966,5–3,England,1966
England,Argentina,1,,0,,90584,"Wembley Stadium, London",Quarter-finals,23-07-1966,1–0,England,1966
Soviet Union,Hungary,2,,1,,26844,"Roker Park Ground, Sunderland",Quarter-finals,23-07-1966,2–1,England,1966
West Germany,Uruguay,4,,0,,40007,"Hillsborough, Sheffield",Quarter-finals,23-07-1966,4–0,England,1966
England,France,2,,0,,98270,"Wembley Stadium, London",Group stage,20-07-1966,2–0,England,1966
Hungary,Bulgaria,3,,1,,24129,"Old Trafford Stadium, Manchester",Group stage,20-07-1966,3–1,England,1966
West Germany,Spain,2,,1,,42187,"Villa Park, Birmingham",Group stage,20-07-1966,2–1,England,1966
Soviet Union,Chile,2,,1,,16027,"Roker Park Ground, Sunderland",Group stage,20-07-1966,2–1,England,1966
Uruguay,Mexico,0,,0,,61112,"Wembley Stadium, London",Group stage,19-07-1966,0–0,England,1966
Argentina,Switzerland,2,,0,,32127,"Hillsborough, Sheffield",Group stage,19-07-1966,2–0,England,1966
Portugal,Brazil,3,,1,,58479,"Goodison Park, Liverpool",Group stage,19-07-1966,3–1,England,1966
Korea DPR,Italy,1,,0,,17829,"Ayresome Park, Middlesbrough",Group stage,19-07-1966,1–0,England,1966
West Germany,Argentina,0,,0,,46587,"Villa Park, Birmingham",Group stage,16-07-1966,0–0,England,1966
Soviet Union,Italy,1,,0,,27793,"Roker Park Ground, Sunderland",Group stage,16-07-1966,1–0,England,1966
Portugal,Bulgaria,3,,0,,25438,"Old Trafford Stadium, Manchester",Group stage,16-07-1966,3–0,England,1966
England,Mexico,2,,0,,92570,"Wembley Stadium, London",Group stage,16-07-1966,2–0,England,1966
Spain,Switzerland,2,,1,,32028,"Hillsborough, Sheffield",Group stage,15-07-1966,2–1,England,1966
Uruguay,France,2,,1,,45662,"White City, London",Group stage,15-07-1966,2–1,England,1966
Hungary,Brazil,3,,1,,51387,"Goodison Park, Liverpool",Group stage,15-07-1966,3–1,England,1966
Korea DPR,Chile,1,,1,,13792,"Ayresome Park, Middlesbrough",Group stage,15-07-1966,1–1,England,1966
Argentina,Spain,2,,1,,42738,"Villa Park, Birmingham",Group stage,13-07-1966,2–1,England,1966
France,Mexico,1,,1,,69237,"Wembley Stadium, London",Group stage,13-07-1966,1–1,England,1966
Italy,Chile,2,,0,,27199,"Roker Park Ground, Sunderland",Group stage,13-07-1966,2–0,England,1966
Portugal,Hungary,3,,1,,29886,"Old Trafford Stadium, Manchester",Group stage,13-07-1966,3–1,England,1966
Brazil,Bulgaria,2,,0,,47308,"Goodison Park, Liverpool",Group stage,12-07-1966,2–0,England,1966
Soviet Union,Korea DPR,3,,0,,23006,"Ayresome Park, Middlesbrough",Group stage,12-07-1966,3–0,England,1966
West Germany,Switzerland,5,,0,,36127,"Hillsborough, Sheffield",Group stage,12-07-1966,5–0,England,1966
England,Uruguay,0,,0,,87148,"Wembley Stadium, London",Group stage,11-07-1966,0–0,England,1966
Brazil,Czechoslovakia,3,,1,,68679,"Nacional, Santiago De Chile",Final,17-06-1962,3–1,Chile,1962
Chile,Yugoslavia,1,,0,,66697,"Nacional, Santiago De Chile",Third-place match,16-06-1962,1–0,Chile,1962
Brazil,Chile,4,,2,,76594,"Nacional, Santiago De Chile",Semi-finals,13-06-1962,4–2,Chile,1962
Czechoslovakia,Yugoslavia,3,,1,,5890,"Estadio Sausalito, Vina Del Mar",Semi-finals,13-06-1962,3–1,Chile,1962
Chile,Soviet Union,2,,1,,17268,"Carlos Dittborn, Arica",Quarter-finals,10-06-1962,2–1,Chile,1962
Brazil,England,3,,1,,17736,"Estadio Sausalito, Vina Del Mar",Quarter-finals,10-06-1962,3–1,Chile,1962
Czechoslovakia,Hungary,1,,0,,11690,"Estadio El Teniente-Codelco, Rancagua",Quarter-finals,10-06-1962,1–0,Chile,1962
Yugoslavia,West Germany,1,,0,,63324,"Nacional, Santiago De Chile",Quarter-finals,10-06-1962,1–0,Chile,1962
England,Bulgaria,0,,0,,5700,"Estadio El Teniente-Codelco, Rancagua",Group stage,07-06-1962,0–0,Chile,1962
Mexico,Czechoslovakia,3,,1,,10648,"Estadio Sausalito, Vina Del Mar",Group stage,07-06-1962,3–1,Chile,1962
Italy,Switzerland,3,,0,,59828,"Nacional, Santiago De Chile",Group stage,07-06-1962,3–0,Chile,1962
Yugoslavia,Colombia,5,,0,,7167,"Carlos Dittborn, Arica",Group stage,07-06-1962,5–0,Chile,1962
West Germany,Chile,2,,0,,67224,"Nacional, Santiago De Chile",Group stage,06-06-1962,2–0,Chile,1962
Soviet Union,Uruguay,2,,1,,9973,"Carlos Dittborn, Arica",Group stage,06-06-1962,2–1,Chile,1962
Hungary,Argentina,0,,0,,7945,"Estadio El Teniente-Codelco, Rancagua",Group stage,06-06-1962,0–0,Chile,1962
Brazil,Spain,2,,1,,18715,"Estadio Sausalito, Vina Del Mar",Group stage,06-06-1962,2–1,Chile,1962
Spain,Mexico,1,,0,,11875,"Estadio Sausalito, Vina Del Mar",Group stage,03-06-1962,1–0,Chile,1962
Soviet Union,Colombia,4,,4,,8040,"Carlos Dittborn, Arica",Group stage,03-06-1962,4–4,Chile,1962
Hungary,Bulgaria,6,,1,,7442,"Estadio El Teniente-Codelco, Rancagua",Group stage,03-06-1962,6–1,Chile,1962
West Germany,Switzerland,2,,1,,64922,"Nacional, Santiago De Chile",Group stage,03-06-1962,2–1,Chile,1962
Chile,Italy,2,,0,,66057,"Nacional, Santiago De Chile",Group stage,02-06-1962,2–0,Chile,1962
Brazil,Czechoslovakia,0,,0,,14903,"Estadio Sausalito, Vina Del Mar",Group stage,02-06-1962,0–0,Chile,1962
England,Argentina,3,,1,,9794,"Estadio El Teniente-Codelco, Rancagua",Group stage,02-06-1962,3–1,Chile,1962
Yugoslavia,Uruguay,3,,1,,8829,"Carlos Dittborn, Arica",Group stage,02-06-1962,3–1,Chile,1962
West Germany,Italy,0,,0,,65440,"Nacional, Santiago De Chile",Group stage,31-05-1962,0–0,Chile,1962
Hungary,England,2,,1,,7938,"Estadio El Teniente-Codelco, Rancagua",Group stage,31-05-1962,2–1,Chile,1962
Czechoslovakia,Spain,1,,0,,12700,"Estadio Sausalito, Vina Del Mar",Group stage,31-05-1962,1–0,Chile,1962
Soviet Union,Yugoslavia,2,,0,,9622,"Carlos Dittborn, Arica",Group stage,31-05-1962,2–0,Chile,1962
Chile,Switzerland,3,,1,,65006,"Nacional, Santiago De Chile",Group stage,30-05-1962,3–1,Chile,1962
Uruguay,Colombia,2,,1,,7908,"Carlos Dittborn, Arica",Group stage,30-05-1962,2–1,Chile,1962
Brazil,Mexico,2,,0,,10484,"Estadio Sausalito, Vina Del Mar",Group stage,30-05-1962,2–0,Chile,1962
Argentina,Bulgaria,1,,0,,7134,"Estadio El Teniente-Codelco, Rancagua",Group stage,30-05-1962,1–0,Chile,1962
Brazil,Sweden,5,,2,,49737,"Rasunda Stadium, Solna",Final,29-06-1958,5–2,Sweden,1958
France,West Germany,6,,3,,32483,"Nya Ullevi, Gothenburg",Third-place match,28-06-1958,6–3,Sweden,1958
Sweden,West Germany,3,,1,,49471,"Nya Ullevi, Gothenburg",Semi-finals,24-06-1958,3–1,Sweden,1958
Brazil,France,5,,2,,27100,"Rasunda Stadium, Solna",Semi-finals,24-06-1958,5–2,Sweden,1958
France,Northern Ireland,4,,0,,11800,"Idrottsparken, Norrkï¿½Ping",Quarter-finals,19-06-1958,4–0,Sweden,1958
West Germany,Yugoslavia,1,,0,,20055,"Malmo Stadion, Malmï¿½",Quarter-finals,19-06-1958,1–0,Sweden,1958
Brazil,Wales,1,,0,,25923,"Nya Ullevi, Gothenburg",Quarter-finals,19-06-1958,1–0,Sweden,1958
Sweden,Soviet Union,2,,0,,31900,"Rasunda Stadium, Solna",Quarter-finals,19-06-1958,2–0,Sweden,1958
Northern Ireland,Czechoslovakia,2,,1,,6196,"Malmo Stadion, Malmï¿½",Group stage play-off,17-06-1958,2–1,Sweden,1958
Wales,Hungary,2,,1,,2823,"Rasunda Stadium, Solna",Group stage play-off,17-06-1958,2–1,Sweden,1958
Soviet Union,England,1,,0,,23182,"Nya Ullevi, Gothenburg",Group stage play-off,17-06-1958,1–0,Sweden,1958
Sweden,Wales,0,,0,,30287,"Rasunda Stadium, Solna",Group stage,15-06-1958,0–0,Sweden,1958
Paraguay,Yugoslavia,3,,3,,13103,"Tunavallen, Eskilstuna",Group stage,15-06-1958,3–3,Sweden,1958
West Germany,Northern Ireland,2,,2,,21990,"Malmo Stadion, Malmï¿½",Group stage,15-06-1958,2–2,Sweden,1958
Czechoslovakia,Argentina,6,,1,,16418,"Olympia Stadium, Helsingborg",Group stage,15-06-1958,6–1,Sweden,1958
England,Austria,2,,2,,15872,"Ryavallen, Boras",Group stage,15-06-1958,2–2,Sweden,1958
Brazil,Soviet Union,2,,0,,50928,"Nya Ullevi, Gothenburg",Group stage,15-06-1958,2–0,Sweden,1958
Hungary,Mexico,4,,0,,13300,"Jarnvallen, Sandviken",Group stage,15-06-1958,4–0,Sweden,1958
France,Scotland,2,,1,,13554,"Eyravallen, Orebro",Group stage,15-06-1958,2–1,Sweden,1958
Sweden,Hungary,2,,1,,38850,"Rasunda Stadium, Solna",Group stage,12-06-1958,2–1,Sweden,1958
Soviet Union,Austria,2,,0,,21239,"Ryavallen, Boras",Group stage,11-06-1958,2–0,Sweden,1958
West Germany,Czechoslovakia,2,,2,,25000,"Olympia Stadium, Helsingborg",Group stage,11-06-1958,2–2,Sweden,1958
Argentina,Northern Ireland,3,,1,,14174,"Orjans Vall, Halmstad",Group stage,11-06-1958,3–1,Sweden,1958
Yugoslavia,France,3,,2,,12217,"Arosvallen, Vasteras",Group stage,11-06-1958,3–2,Sweden,1958
Paraguay,Scotland,3,,2,,11665,"Idrottsparken, Norrkï¿½Ping",Group stage,11-06-1958,3–2,Sweden,1958
Brazil,England,0,,0,,40895,"Nya Ullevi, Gothenburg",Group stage,11-06-1958,0–0,Sweden,1958
Mexico,Wales,1,,1,,15150,"Rasunda Stadium, Solna",Group stage,11-06-1958,1–1,Sweden,1958
Sweden,Mexico,3,,0,,34107,"Rasunda Stadium, Solna",Group stage,08-06-1958,3–0,Sweden,1958
Northern Ireland,Czechoslovakia,1,,0,,10647,"Orjans Vall, Halmstad",Group stage,08-06-1958,1–0,Sweden,1958
Hungary,Wales,1,,1,,15343,"Jarnvallen, Sandviken",Group stage,08-06-1958,1–1,Sweden,1958
Yugoslavia,Scotland,1,,1,,9591,"Arosvallen, Vasteras",Group stage,08-06-1958,1–1,Sweden,1958
Brazil,Austria,3,,0,,17788,"Rimnersvallen, Udevalla",Group stage,08-06-1958,3–0,Sweden,1958
Soviet Union,England,2,,2,,49348,"Nya Ullevi, Gothenburg",Group stage,08-06-1958,2–2,Sweden,1958
France,Paraguay,7,,3,,16518,"Idrottsparken, Norrkï¿½Ping",Group stage,08-06-1958,7–3,Sweden,1958
Argentina,West Germany,1,,3,,31156,"Malmo Stadion, Malmï¿½",Group stage,08-06-1958,1–3,Sweden,1958
Germany,Hungary,3,,2,,62500,"Wankdorf Stadium, Berne",Final,04-07-1954,3–2,Switzerland,1954
Austria,Uruguay,3,,1,,32000,"Hardturm, Zurich",Third-place match,03-07-1954,3–1,Switzerland,1954
Hungary,Uruguay,4,,2,,45000,"La Pontaise, Lausanne",Semi-finals,30-06-1954,4–2,Switzerland,1954
Germany,Austria,6,,1,,58000,"St. Jakob, Basel",Semi-finals,30-06-1954,6–1,Switzerland,1954
Germany,Yugoslavia,2,,0,,17000,"Charmilles, Geneva",Quarter-finals,27-06-1954,2–0,Switzerland,1954
Hungary,Brazil,4,,2,,40000,"Wankdorf Stadium, Berne",Quarter-finals,27-06-1954,4–2,Switzerland,1954
Uruguay,England,4,,2,,28000,"St. Jakob, Basel",Quarter-finals,26-06-1954,4–2,Switzerland,1954
Switzerland,Austria,5,,7,,35000,"La Pontaise, Lausanne",Quarter-finals,26-06-1954,5–7,Switzerland,1954
Germany,Türkiye,7,,2,,17000,"Hardturm, Zurich",Group stage play-off,23-06-1954,7–2,Switzerland,1954
Switzerland,Italy,4,,1,,30000,"St. Jakob, Basel",Group stage play-off,23-06-1954,4–1,Switzerland,1954
Hungary,Germany,8,,3,,56000,"St. Jakob, Basel",Group stage,20-06-1954,8–3,Switzerland,1954
Türkiye,Korea Republic,7,,0,,4000,"Charmilles, Geneva",Group stage,20-06-1954,7–0,Switzerland,1954
Italy,Belgium,4,,1,,24000,"Comunale di Cornaredo, Lugano",Group stage,20-06-1954,4–1,Switzerland,1954
Switzerland,England,0,,2,,43500,"Wankdorf Stadium, Berne",Group stage,20-06-1954,0–2,Switzerland,1954
Uruguay,Scotland,7,,0,,34000,"St. Jakob, Basel",Group stage,19-06-1954,7–0,Switzerland,1954
Brazil,Yugoslavia,1,,1,,24637,"La Pontaise, Lausanne",Group stage,19-06-1954,1–1,Switzerland,1954
Austria,Czechoslovakia,5,,0,,26000,"Hardturm, Zurich",Group stage,19-06-1954,5–0,Switzerland,1954
France,Mexico,3,,2,,19000,"Charmilles, Geneva",Group stage,19-06-1954,3–2,Switzerland,1954
Switzerland,Italy,2,,1,,43000,"La Pontaise, Lausanne",Group stage,17-06-1954,2–1,Switzerland,1954
Hungary,Korea Republic,9,,0,,13000,"Hardturm, Zurich",Group stage,17-06-1954,9–0,Switzerland,1954
Germany,Türkiye,4,,1,,28000,"Wankdorf Stadium, Berne",Group stage,17-06-1954,4–1,Switzerland,1954
England,Belgium,4,,4,,14000,"St. Jakob, Basel",Group stage,17-06-1954,4–4,Switzerland,1954
Uruguay,Czechoslovakia,2,,0,,20500,"Wankdorf Stadium, Berne",Group stage,16-06-1954,2–0,Switzerland,1954
Yugoslavia,France,1,,0,,16000,"La Pontaise, Lausanne",Group stage,16-06-1954,1–0,Switzerland,1954
Brazil,Mexico,5,,0,,13470,"Charmilles, Geneva",Group stage,16-06-1954,5–0,Switzerland,1954
Austria,Scotland,1,,0,,25000,"Hardturm, Zurich",Group stage,16-06-1954,1–0,Switzerland,1954
Sweden,Spain,3,,1,,11227,"Pacaembu, Sao Paulo",Final stage,16-07-1950,3–1,Brazil,1950
Uruguay,Brazil,2,,1,,173850,"Maracanï¿½ - Estï¿½dio Jornalista Mï¿½rio Filho, Rio De Janeiro",Final stage,16-07-1950,2–1,Brazil,1950
Brazil,Spain,6,,1,,152772,"Maracanï¿½ - Estï¿½dio Jornalista Mï¿½rio Filho, Rio De Janeiro",Final stage,13-07-1950,6–1,Brazil,1950
Uruguay,Sweden,3,,2,,7987,"Pacaembu, Sao Paulo",Final stage,13-07-1950,3–2,Brazil,1950
Brazil,Sweden,7,,1,,138886,"Maracanï¿½ - Estï¿½dio Jornalista Mï¿½rio Filho, Rio De Janeiro",Final stage,09-07-1950,7–1,Brazil,1950
Uruguay,Spain,2,,2,,44802,"Pacaembu, Sao Paulo",Final stage,09-07-1950,2–2,Brazil,1950
Chile,United States,5,,2,,8501,"Ilha do Retiro, Recife",Group stage,02-07-1950,5–2,Brazil,1950
Italy,Paraguay,2,,0,,25811,"Pacaembu, Sao Paulo",Group stage,02-07-1950,2–0,Brazil,1950
Uruguay,Bolivia,8,,0,,5284,"Independencia, Belo Horizonte",Group stage,02-07-1950,8–0,Brazil,1950
Spain,England,1,,0,,74462,"Maracanï¿½ - Estï¿½dio Jornalista Mï¿½rio Filho, Rio De Janeiro",Group stage,02-07-1950,1–0,Brazil,1950
Switzerland,Mexico,2,,1,,3580,"Eucaliptos, Porto Alegre",Group stage,02-07-1950,2–1,Brazil,1950
Brazil,Yugoslavia,2,,0,,142429,"Maracanï¿½ - Estï¿½dio Jornalista Mï¿½rio Filho, Rio De Janeiro",Group stage,01-07-1950,2–0,Brazil,1950
Spain,Chile,2,,0,,19790,"Maracanï¿½ - Estï¿½dio Jornalista Mï¿½rio Filho, Rio De Janeiro",Group stage,29-06-1950,2–0,Brazil,1950
United States,England,1,,0,,10151,"Independencia, Belo Horizonte",Group stage,29-06-1950,1–0,Brazil,1950
Sweden,Paraguay,2,,2,,7903,"Durival de Brito, Curitiba",Group stage,29-06-1950,2–2,Brazil,1950
Brazil,Switzerland,2,,2,,42032,"Pacaembu, Sao Paulo",Group stage,28-06-1950,2–2,Brazil,1950
Yugoslavia,Mexico,4,,1,,11078,"Eucaliptos, Porto Alegre",Group stage,28-06-1950,4–1,Brazil,1950
Sweden,Italy,3,,2,,36502,"Pacaembu, Sao Paulo",Group stage,25-06-1950,3–2,Brazil,1950
England,Chile,2,,0,,29703,"Maracanï¿½ - Estï¿½dio Jornalista Mï¿½rio Filho, Rio De Janeiro",Group stage,25-06-1950,2–0,Brazil,1950
Spain,United States,3,,1,,9511,"Durival de Brito, Curitiba",Group stage,25-06-1950,3–1,Brazil,1950
Yugoslavia,Switzerland,3,,0,,7336,"Independencia, Belo Horizonte",Group stage,25-06-1950,3–0,Brazil,1950
Brazil,Mexico,4,,0,,81649,"Maracanï¿½ - Estï¿½dio Jornalista Mï¿½rio Filho, Rio De Janeiro",Group stage,24-06-1950,4–0,Brazil,1950
Brazil,Sweden,4,,2,,12000,"Stade du Parc Lescure, Bordeaux",Third-place match,19-06-1938,4–2,France,1938
Italy,Hungary,4,,2,,45000,"Stade Olympique, Colombes",Final,19-06-1938,4–2,France,1938
Hungary,Sweden,5,,1,,20000,"Parc des Princes, Paris",Semi-finals,16-06-1938,5–1,France,1938
Italy,Brazil,2,,1,,33000,"Stade Vï¿½lodrome, Marseilles",Semi-finals,16-06-1938,2–1,France,1938
Brazil,Czechoslovakia,2,,1,,18141,"Stade du Parc Lescure, Bordeaux",Quarter-finals,14-06-1938,2–1,France,1938
Sweden,Cuba,8,,0,,7000,"Fort Carree, Antibes",Quarter-finals,12-06-1938,8–0,France,1938
Brazil,Czechoslovakia,1,,1,,22021,"Stade du Parc Lescure, Bordeaux",Quarter-finals,12-06-1938,1–1,France,1938
Hungary,Switzerland,2,,0,,15000,"Victor Boucquey, Lille",Quarter-finals,12-06-1938,2–0,France,1938
Italy,France,3,,1,,58455,"Stade Olympique, Colombes",Quarter-finals,12-06-1938,3–1,France,1938
Switzerland,Germany,4,,2,,20025,"Parc des Princes, Paris",Round of 16,09-06-1938,4–2,France,1938
Cuba,Romania,2,,1,,8000,"Stade Municipal, Toulouse",Round of 16,09-06-1938,2–1,France,1938
Italy,Norway,2,,1,,19000,"Stade Vï¿½lodrome, Marseilles",Round of 16,05-06-1938,2–1,France,1938
Cuba,Romania,3,,3,,7000,"Stade Municipal, Toulouse",Round of 16,05-06-1938,3–3,France,1938
Hungary,Dutch East Indies,6,,0,,9000,"Velodrome Municipale, Reims",Round of 16,05-06-1938,6–0,France,1938
France,Belgium,3,,1,,30454,"Stade Olympique, Colombes",Round of 16,05-06-1938,3–1,France,1938
Brazil,Poland,6,,5,,13452,"Stade de la Meinau, Strasbourg",Round of 16,05-06-1938,6–5,France,1938
Czechoslovakia,Netherlands,3,,0,,11000,"Cavee Verte, Le Havre",Round of 16,05-06-1938,3–0,France,1938
Switzerland,Germany,1,,1,,27152,"Parc des Princes, Paris",Round of 16,04-06-1938,1–1,France,1938
Italy,Czechoslovakia,2,,1,,55000,"Nazionale PNF, Rome",Final,10-06-1934,2–1,Italy,1934
Germany,Austria,3,,2,,7000,"Giorgio Ascarelli, Naples",Third-place match,07-06-1934,3–2,Italy,1934
Czechoslovakia,Germany,3,,1,,15000,"Nazionale PNF, Rome",Semi-finals,03-06-1934,3–1,Italy,1934
Italy,Austria,1,,0,,35000,"San Siro, Milan",Semi-finals,03-06-1934,1–0,Italy,1934
Italy,Spain,1,,0,,43000,"Giovanni Berta, Florence",Quarter-finals,01-06-1934,1–0,Italy,1934
Austria,Hungary,2,,1,,23000,"Littorale, Bologna",Quarter-finals,31-05-1934,2–1,Italy,1934
Czechoslovakia,Switzerland,3,,2,,12000,"Stadio Benito Mussolini, Turin",Quarter-finals,31-05-1934,3–2,Italy,1934
Italy,Spain,1,,1,,35000,"Giovanni Berta, Florence",Quarter-finals,31-05-1934,1–1,Italy,1934
Germany,Sweden,2,,1,,3000,"San Siro, Milan",Quarter-finals,31-05-1934,2–1,Italy,1934
Czechoslovakia,Romania,2,,1,,9000,"Littorio, Trieste",Round of 16,27-05-1934,2–1,Italy,1934
Hungary,Egypt,4,,2,,9000,"Giorgio Ascarelli, Naples",Round of 16,27-05-1934,4–2,Italy,1934
Austria,France,3,,2,,16000,"Stadio Benito Mussolini, Turin",Round of 16,27-05-1934,3–2,Italy,1934
Switzerland,Netherlands,3,,2,,33000,"San Siro, Milan",Round of 16,27-05-1934,3–2,Italy,1934
Sweden,Argentina,3,,2,,14000,"Littorale, Bologna",Round of 16,27-05-1934,3–2,Italy,1934
Spain,Brazil,3,,1,,21000,"Luigi Ferraris, Genoa",Round of 16,27-05-1934,3–1,Italy,1934
Germany,Belgium,5,,2,,8000,"Giovanni Berta, Florence",Round of 16,27-05-1934,5–2,Italy,1934
Italy,United States,7,,1,,25000,"Nazionale PNF, Rome",Round of 16,27-05-1934,7–1,Italy,1934
Uruguay,Argentina,4,,2,,68346,"Estadio Centenario, Montevideo",Final,30-07-1930,4–2,Uruguay,1930
Uruguay,Yugoslavia,6,,1,,79867,"Estadio Centenario, Montevideo",Semi-finals,27-07-1930,6–1,Uruguay,1930
Argentina,United States,6,,1,,72886,"Estadio Centenario, Montevideo",Semi-finals,26-07-1930,6–1,Uruguay,1930
Argentina,Chile,3,,1,,41459,"Estadio Centenario, Montevideo",Group stage,22-07-1930,3–1,Uruguay,1930
Uruguay,Romania,4,,0,,70022,"Estadio Centenario, Montevideo",Group stage,21-07-1930,4–0,Uruguay,1930
Brazil,Bolivia,4,,0,,25466,"Estadio Centenario, Montevideo",Group stage,20-07-1930,4–0,Uruguay,1930
Paraguay,Belgium,1,,0,,12000,"Estadio Centenario, Montevideo",Group stage,20-07-1930,1–0,Uruguay,1930
Chile,France,1,,0,,2000,"Estadio Centenario, Montevideo",Group stage,19-07-1930,1–0,Uruguay,1930
Argentina,Mexico,6,,3,,42100,"Estadio Centenario, Montevideo",Group stage,19-07-1930,6–3,Uruguay,1930
Uruguay,Peru,1,,0,,57735,"Estadio Centenario, Montevideo",Group stage,18-07-1930,1–0,Uruguay,1930
Yugoslavia,Bolivia,4,,0,,18306,"Parque Central, Montevideo",Group stage,17-07-1930,4–0,Uruguay,1930
United States,Paraguay,3,,0,,18306,"Parque Central, Montevideo",Group stage,17-07-1930,3–0,Uruguay,1930
Chile,Mexico,3,,0,,9249,"Parque Central, Montevideo",Group stage,16-07-1930,3–0,Uruguay,1930
Argentina,France,1,,0,,23409,"Parque Central, Montevideo",Group stage,15-07-1930,1–0,Uruguay,1930
Yugoslavia,Brazil,2,,1,,24059,"Parque Central, Montevideo",Group stage,14-07-1930,2–1,Uruguay,1930
Romania,Peru,3,,1,,2549,"Pocitos, Montevideo",Group stage,14-07-1930,3–1,Uruguay,1930
United States,Belgium,3,,0,,18346,"Parque Central, Montevideo",Group stage,13-07-1930,3–0,Uruguay,1930
France,Mexico,4,,1,,4444,"Pocitos, Montevideo",Group stage,13-07-1930,4–1,Uruguay,1930
